anio,cve_entidad,sexo,ta,ta_sal,masa_sal_ta,permanentes,no_trabajadores,entidad
2018,28,2,255440,254317,73541438.72000036,234996,78580,Tamaulipas
2018,3,1,117847,117562,39000733.11000037,78853,25962,Baja California Sur
2018,22,2,216356,215944,76373788.13000007,181776,58971,Querétaro
2018,2,2,357795,357079,110414972.56000039,334882,97553,Baja California
2018,15,2,583347,582909,179361800.62000358,490663,367047,Estado México
2018,21,2,222854,221406,61985152.52000232,192255,200649,Puebla
2018,19,2,543146,542894,193828963.02999955,495571,151398,Nuevo León
2018,19,1,1075513,1074506,443636786.5899981,964080,171926,Nuevo León
2018,27,1,113748,111072,34142338.870001145,93138,79676,Tabasco
2018,31,1,237346,236458,72310762.46000254,209668,57057,Yucatán
2018,6,1,84334,82974,27020345.06999961,66037,24704,Colima
2018,16,1,274562,269395,88141663.00000519,219032,119556,Michoacán de Ocampo
2018,20,2,79609,78538,21105160.36000043,72658,77845,Oaxaca
2018,25,2,196369,195164,47900294.95000069,174596,145166,Sinaloa
2018,31,2,129396,129351,38598405.26000042,121269,52574,Yucatán
2018,4,1,85534,84740,35793977.690000184,66325,26720,Campeche
2018,18,1,83943,79693,22958840.709999554,62956,37987,Nayarit
2018,14,1,1089755,1077401,393991621.65000194,918496,196965,Jalisco
2018,26,2,233434,232715,61899974.86000117,211552,92472,Sonora
2018,22,1,363208,362727,155208797.1299967,288680,60815,Querétaro
2018,25,1,326057,321486,89008406.31000267,270364,139388,Sinaloa
2018,7,2,81444,79180,23158147.220001012,75912,88482,Chiapas
2018,10,1,161965,161219,48311487.40000017,142906,40026,Durango
2018,14,2,676413,671108,217183642.470003,588635,206479,Jalisco
2018,21,1,396619,393280,135493352.84999567,330920,194476,Puebla
2018,23,1,303354,302436,78458090.80999945,202136,36434,Quintana Roo
2018,12,2,60846,60205,15967067.65999971,51503,85995,Guerrero
2018,13,2,79605,79468,21482231.41999961,66503,85101,Hidalgo
2018,28,1,419434,417086,150601843.5200032,368311,84172,Tamaulipas
2018,29,1,63045,62942,20533994.579999767,47087,38878,Tlaxcala
2018,9,2,1400468,1398776,592661757.6599965,1233312,593811,Ciudad de México
2018,17,2,82790,80888,25724327.46999962,73970,51946,Morelos
2018,20,1,132196,129004,38580882.140002206,113260,76234,Oaxaca
2018,1,1,207147,206305,74896795.97000144,186982,44099,Aguascalientes
2018,15,1,1038802,1038111,376921319.519994,847797,368274,Estado México
2018,24,1,277073,271288,104057190.53000152,218402,69234,San Luis Potosí
2018,9,1,2033364,2031355,935341608.499994,1729975,624799,Ciudad de México
2018,32,2,65068,64936,18829594.79999989,57839,43058,Zacatecas
2018,8,1,533477,527863,196919990.79000172,475536,104165,Chihuahua
2018,12,1,99886,98680,31019017.84999936,76537,81261,Guerrero
2018,13,1,152586,152299,49488529.770001836,113427,84290,Hidalgo
2018,29,2,37620,37568,10118147.989999851,28839,38561,Tlaxcala
2018,30,1,461800,440302,161652479.06000584,376858,225657,Veracruz de Ignacio de la Llave
2018,30,2,273167,262270,95260357.04000111,249298,230708,Veracruz de Ignacio de la Llave
2018,4,2,38114,37894,12610259.439999923,33493,25327,Campeche
2018,6,2,49697,49189,13265550.56999976,43444,25467,Colima
2018,8,2,354861,353724,102824416.22000085,326259,107828,Chihuahua
2018,1,2,114125,113686,33153566.580000937,107108,45992,Aguascalientes
2018,2,1,525204,523853,196625351.1500002,471787,91894,Baja California
2018,26,1,373718,371906,126116640.91000417,312306,91626,Sonora
2018,3,2,62639,62516,18455972.82999983,48622,25400,Baja California Sur
2018,32,1,120494,120017,46933987.220001444,99600,40937,Zacatecas
2018,16,2,164273,162188,44209937.03999972,140232,118848,Michoacán de Ocampo
2018,7,1,143688,140007,43429247.640002936,124349,98022,Chiapas
2018,27,2,53041,51923,14745623.489999596,47208,75369,Tabasco
2018,11,1,632783,632028,209516432.50000322,539083,130472,Guanajuato
2018,11,2,358623,358318,97209078.03000148,313676,123814,Guanajuato
2018,24,2,162350,160164,51811957.76000139,133849,68378,San Luis Potosí
2018,5,1,521673,520753,200792256.0500006,452114,56463,Coahuila de Zaragoza
2018,5,2,262942,262708,77526055.92000085,238760,46945,Coahuila de Zaragoza
2018,17,1,125857,122431,44541340.8200001,106004,50091,Morelos
2018,23,2,154893,154404,40674133.95000047,118747,36432,Quintana Roo
2018,10,2,83724,83597,20291778.639999755,76892,42275,Durango
2018,18,2,52972,51740,13677640.989999657,44876,40470,Nayarit
2020,10,2,84570,84459,23574504.05999933,78262,46194,Durango
2020,17,1,119583,116781,47485748.45999786,102079,47670,Morelos
2020,18,2,55777,54540,16617350.999999126,47159,40730,Nayarit
2020,32,1,116541,116063,47152248.12999755,96655,43297,Zacatecas
2020,12,2,55125,54102,16421955.93999999,47285,86146,Guerrero
2020,31,1,230962,230198,79387527.57999504,203617,58471,Yucatán
2020,28,2,256043,255014,88880395.22999571,235861,80404,Tamaulipas
2020,8,2,369310,368198,127360400.94999826,339869,104038,Chihuahua
2020,29,2,38582,38533,11623242.16999982,29922,40044,Tlaxcala
2020,2,1,537487,536146,239478699.4800073,481558,75966,Baja California
2020,3,2,59682,59555,20564174.019999776,46529,26914,Baja California Sur
2020,30,1,444295,424567,172849353.86999628,368351,221417,Veracruz de Ignacio de la Llave
2020,1,2,119113,118704,41047382.209998116,110764,50912,Aguascalientes
2020,5,2,264368,264174,89619562.91999753,240986,53579,Coahuila de Zaragoza
2020,22,1,358506,357981,168326224.8900016,288181,63664,Querétaro
2020,7,1,137553,134973,47539725.33999614,117891,97870,Chiapas
2020,3,1,107856,107585,41172754.02999911,73797,27203,Baja California Sur
2020,11,2,368275,367931,113303927.3699938,320109,117118,Guanajuato
2020,12,1,89447,87925,30569335.69999933,70889,80323,Guerrero
2020,15,2,590253,589784,203670906.77999106,502442,399960,Estado México
2020,15,1,996391,995664,401967203.26001203,832276,406139,Estado México
2020,19,1,1040859,1039924,478139667.9500117,931930,150817,Nuevo León
2020,19,2,549118,548897,220530208.04999524,498385,125650,Nuevo León
2020,5,1,486503,485701,213501795.19000158,427760,64192,Coahuila de Zaragoza
2020,21,1,369260,366339,142186094.37000507,312777,213946,Puebla
2020,23,2,127786,127185,39647046.20999944,102922,40837,Quintana Roo
2020,11,1,605463,604720,224638255.21999472,522374,126395,Guanajuato
2020,14,2,689971,684868,250223419.68999168,603162,231003,Jalisco
2020,9,2,1349072,1347112,643451796.9500011,1189972,885703,Ciudad de México
2020,13,2,80197,80068,24162582.899998017,69078,87142,Hidalgo
2020,25,1,324487,320568,102058911.49999447,267665,141864,Sinaloa
2020,25,2,205205,204118,58041083.22999686,182000,149685,Sinaloa
2020,4,2,38651,38565,14467204.009999553,34070,27534,Campeche
2020,17,2,82356,80784,28449072.12999908,73144,49522,Morelos
2020,20,1,127417,124516,41594542.90999688,109708,79801,Oaxaca
2020,20,2,79565,78546,23765676.719998095,72913,84074,Oaxaca
2020,1,1,204040,203304,87851484.79000007,185574,49015,Aguascalientes
2020,28,1,409455,407443,170270093.7500147,361614,85374,Tamaulipas
2020,23,1,228524,227626,71819534.18999885,161679,41255,Quintana Roo
2020,29,1,61085,60987,21547856.669999022,47414,40097,Tlaxcala
2020,30,2,270930,260610,104036882.18999644,248209,223363,Veracruz de Ignacio de la Llave
2020,32,2,68314,68208,22121642.519999344,60374,45692,Zacatecas
2020,7,2,80625,79023,26574814.539998252,74270,90837,Chiapas
2020,8,1,528380,523336,224606402.21999776,474847,101444,Chihuahua
2020,2,2,378070,377250,142546315.9500027,352291,79639,Baja California
2020,31,2,129971,129907,43775970.96999627,121391,53702,Yucatán
2020,9,1,1902545,1900491,992534313.0500118,1624661,822278,Ciudad de México
2020,24,2,167857,165856,64278075.25999667,138483,72634,San Luis Potosí
2020,18,1,88159,84315,27864436.99999817,64952,36676,Nayarit
2020,22,2,228957,228502,90522914.14999762,194077,62300,Querétaro
2020,16,2,172243,169933,51756848.26999584,146927,115435,Michoacán de Ocampo
2020,14,1,1068525,1057334,441225841.8699982,909464,221013,Jalisco
2020,10,1,152374,151742,51716582.93999794,135820,43566,Durango
2020,4,1,85227,84988,41229370.299999274,68052,28741,Campeche
2020,27,1,118561,116162,42657565.83999796,94051,76167,Tabasco
2020,6,2,51054,50559,15823256.91999918,44536,24823,Colima
2020,26,1,365728,364133,141546906.29000303,306207,102696,Sonora
2020,26,2,235512,234851,74825319.07999961,212727,104255,Sonora
2020,13,1,138788,138517,50301429.79999626,110674,85492,Hidalgo
2020,21,2,217471,216176,69457967.4099954,188703,221861,Puebla
2020,24,1,268527,263975,117962694.57000206,215857,70731,San Luis Potosí
2020,27,2,52738,51729,17195686.209999125,46754,70148,Tabasco
2020,6,1,82799,81512,31148828.169998504,65941,24292,Colima
2020,16,1,276254,271103,95421162.50999147,221448,113469,Michoacán de Ocampo
2022,14,2,772302,767592,328657213.4400027,680158,262903,Jalisco
2022,15,1,1055004,1054435,501197544.07004356,886947,416768,Estado México
2022,9,1,1936333,1933701,1235573684.3400483,1697495,858423,Ciudad de México
2022,30,2,282494,272998,123342789.45000303,256766,223835,Veracruz de Ignacio de la Llave
2022,27,1,165643,163439,79274832.0199986,119517,73142,Tabasco
2022,11,2,407619,407364,149369223.88999525,358812,122150,Guanajuato
2022,24,1,278864,273764,144615187.32000422,230087,63790,San Luis Potosí
2022,2,2,424090,423410,200557603.419995,392755,78955,Baja California
2022,13,1,161955,161796,69284336.2199976,124859,87695,Hidalgo
2022,23,2,172146,171561,70162524.22999893,126230,43668,Quintana Roo
2022,26,2,260528,260047,102546980.48999637,234772,103177,Sonora
2022,21,1,387087,384606,171838050.9500157,334962,207289,Puebla
2022,32,2,73320,73235,28251842.6299991,64042,44270,Zacatecas
2022,25,1,341013,337956,128916750.14000142,287490,142479,Sinaloa
2022,8,2,406906,406021,172407958.84999567,379635,94292,Chihuahua
2022,1,2,134804,134533,54962925.23999846,125561,55525,Aguascalientes
2022,20,1,131475,129182,51060222.18999846,110881,67918,Oaxaca
2022,30,1,456476,438869,207247375.2400275,372276,218161,Veracruz de Ignacio de la Llave
2022,3,2,75060,74937,32697288.09999908,56238,26923,Baja California Sur
2022,17,1,123716,121336,55119876.13999827,105574,47981,Morelos
2022,8,1,561524,557469,291741606.34000015,511082,86322,Chihuahua
2022,22,1,399664,399164,223980922.1700078,324398,68287,Querétaro
2022,29,2,43708,43652,15456588.06999981,34479,38339,Tlaxcala
2022,4,2,42405,42241,18329525.339999724,37230,31593,Campeche
2022,31,2,147252,147207,56384341.46999755,136367,50354,Yucatán
2022,14,1,1138325,1128134,567189098.9900275,979460,250707,Jalisco
2022,4,1,92112,91453,54394532.20999911,70570,31602,Campeche
2022,6,1,87368,86176,39535428.72999911,69870,23306,Colima
2022,7,1,149629,146451,60115314.529997885,127393,107253,Chiapas
2022,29,1,66712,66625,27151321.819999386,52317,37724,Tlaxcala
2022,11,1,640618,640082,284423555.2000156,559154,129468,Guanajuato
2022,16,1,280109,275835,114524314.27999347,229240,109418,Michoacán de Ocampo
2022,21,2,238433,237298,88334857.52999718,211713,224699,Puebla
2022,5,1,525997,525487,275638559.1400286,466464,70940,Coahuila de Zaragoza
2022,3,1,134021,133768,63427445.88999878,89972,27272,Baja California Sur
2022,16,2,185189,183141,65637124.06999719,157838,120525,Michoacán de Ocampo
2022,31,1,258654,257874,104995973.18001701,221374,53517,Yucatán
2022,2,1,595853,594736,331643659.7500032,531686,77737,Baja California
2022,13,2,95133,95032,33844274.48999865,82339,92518,Hidalgo
2022,15,2,656284,655957,264740336.08999217,564210,420711,Estado México
2022,9,2,1431124,1428964,824287351.2100233,1281180,912525,Ciudad de México
2022,28,2,276615,275749,120413432.26999879,256619,70528,Tamaulipas
2022,12,2,59298,58594,20911217.80999977,51073,84960,Guerrero
2022,12,1,92915,91885,38104138.10999897,74124,76638,Guerrero
2022,24,2,181849,179868,80354795.31999852,153067,68075,San Luis Potosí
2022,10,2,95572,95498,31809411.169999372,88575,37429,Durango
2022,1,1,206430,205930,107299605.35000312,189644,52216,Aguascalientes
2022,19,2,625632,625492,299042937.6600027,568973,138333,Nuevo León
2022,22,2,261541,261034,122962985.55000025,220915,67577,Querétaro
2022,26,1,388516,387396,190278304.610001,325629,98371,Sonora
2022,20,2,87048,86156,30389820.60999904,78713,76064,Oaxaca
2022,18,2,67310,66151,24189437.839999124,53290,31206,Nayarit
2022,32,1,121440,121045,58493067.8799982,100503,39712,Zacatecas
2022,25,2,225989,225098,76955254.49999678,204160,153618,Sinaloa
2022,6,2,56254,55757,21574842.269999444,49018,23527,Colima
2022,7,2,88315,86169,33208231.179998767,81278,103788,Chiapas
2022,10,1,161923,161370,65875865.50999829,145833,34633,Durango
2022,19,1,1146578,1145953,641141091.9800584,1033222,163139,Nuevo León
2022,23,1,297312,296340,121895536.77999848,196145,43177,Quintana Roo
2022,28,1,424853,423019,215001868.75001043,379559,77881,Tamaulipas
2022,5,2,301379,301253,120961564.35999776,276207,60097,Coahuila de Zaragoza
2022,17,2,88297,86982,34884385.919998854,78397,51416,Morelos
2022,18,1,101554,98142,38613763.20999855,71817,26458,Nayarit
2022,27,2,63297,62190,24351090.799999285,54361,68337,Tabasco
2024,14,1,1183738,1175188,709873772.5000136,1022483,289119,Jalisco
2024,27,2,68879,67745,32428828.319999617,60645,76378,Tabasco
2024,29,1,69879,69821,35046636.40999987,55240,39545,Tlaxcala
2024,5,1,543398,543138,347636561.33000416,484113,75894,Coahuila de Zaragoza
2024,31,2,164335,164321,76397018.02000457,153807,62252,Yucatán
2024,6,1,91713,90799,50363548.550000176,74230,28311,Colima
2024,27,1,147422,145264,80935489.280001,118830,80857,Tabasco
2024,9,1,2014343,2012233,1520584985.1799893,1719988,704527,Ciudad de México
2024,15,2,734972,734834,358719100.4400084,633997,453461,Estado México
2024,18,2,76120,75429,33412256.539998878,60426,39009,Nayarit
2024,7,2,97980,95783,45608014.31000256,89696,123698,Chiapas
2024,11,1,675298,675021,370267655.00001633,588166,143674,Guanajuato
2024,13,1,179026,178932,94616960.34000674,133232,106552,Hidalgo
2024,3,1,137714,137565,79013566.66000022,93346,27461,Baja California Sur
2024,12,1,99947,99593,49084839.11999915,78613,78332,Guerrero
2024,10,2,98813,98766,41497017.55999911,92501,35958,Durango
2024,31,1,273252,272808,137350583.13000748,239102,66507,Yucatán
2024,13,2,104899,104852,46122539.99000015,89850,113660,Hidalgo
2024,26,1,387712,387130,225768792.15001208,326059,100852,Sonora
2024,26,2,267421,267209,131640965.86000729,242033,106951,Sonora
2024,20,2,94320,93346,41014379.989999324,84222,83677,Oaxaca
2024,21,1,406280,404213,219112235.440015,345704,209587,Puebla
2024,12,2,64009,63810,27741474.82999987,55051,86181,Guerrero
2024,4,2,46048,45908,23705961.589999538,39694,36728,Campeche
2024,32,2,75598,75552,37543075.59000099,64999,49462,Zacatecas
2024,20,1,141298,138799,68661508.38000028,114745,76035,Oaxaca
2024,25,2,241377,240936,104204147.8300049,218406,152774,Sinaloa
2024,5,2,329749,329683,168764955.680006,304624,65820,Coahuila de Zaragoza
2024,18,1,109636,107770,51499062.829999365,78539,34102,Nayarit
2024,8,1,558696,556350,360912963.1600121,508812,102946,Chihuahua
2024,11,2,446082,445935,205864138.18000636,393919,139117,Guanajuato
2024,28,2,278328,277590,157798603.92000252,257481,82857,Tamaulipas
2024,6,2,61123,60695,28744773.259999286,53455,30316,Colima
2024,8,2,419805,419371,229536373.86000654,393381,112255,Chihuahua
2024,14,2,838157,833783,432279319.5100131,739443,304316,Jalisco
2024,19,1,1224309,1223908,820923231.7699986,1105384,141887,Nuevo León
2024,22,2,289524,289152,166269949.7200042,244374,81327,Querétaro
2024,28,1,423597,422209,268359322.77000028,375364,90415,Tamaulipas
2024,15,1,1134067,1133839,642143590.960011,957775,452556,Estado México
2024,25,1,344302,342597,162747559.47000933,291072,141060,Sinaloa
2024,3,2,83421,83335,44493143.01999969,62855,27300,Baja California Sur
2024,24,1,292054,288104,183372851.86000568,241181,69011,San Luis Potosí
2024,17,1,127693,124853,68316798.85000056,109061,52631,Morelos
2024,19,2,699886,699790,407582681.940009,640086,121238,Nuevo León
2024,22,1,426039,425702,289388545.6200039,347617,82548,Querétaro
2024,21,2,256174,255119,117850601.4500044,225313,227980,Puebla
2024,29,2,47401,47365,20970228.77999993,37849,40835,Tlaxcala
2024,24,2,195348,193746,105719577.25000055,164993,73081,San Luis Potosí
2024,10,1,159449,159160,79737098.92000097,143658,32866,Durango
2024,32,1,119345,119090,72909103.41000493,99048,44265,Zacatecas
2024,16,2,195482,193709,84968788.80000229,168483,133446,Michoacán de Ocampo
2024,1,2,145773,145634,71196750.1800027,135200,58742,Aguascalientes
2024,23,1,324891,324125,170310936.5599998,214663,53909,Quintana Roo
2024,30,2,300574,291917,156838757.67001376,272721,227297,Veracruz de Ignacio de la Llave
2024,4,1,96407,95869,67703957.51999989,74563,36762,Campeche
2024,17,2,92199,90439,43803481.82999864,82495,56290,Morelos
2024,16,1,283145,279570,139039931.9500102,234035,115588,Michoacán de Ocampo
2024,7,1,165241,162147,81866107.59000674,138237,126496,Chiapas
2024,1,1,212146,211857,124839844.7400038,193985,54067,Aguascalientes
2024,2,1,602344,601730,424123234.2200056,535918,90492,Baja California
2024,2,2,433164,432806,265151010.28000113,401580,92742,Baja California
2024,23,2,198820,198264,100598646.32000042,145141,53968,Quintana Roo
2024,9,2,1516913,1515551,1034849501.7400038,1347007,770930,Ciudad de México
2024,30,1,472760,457788,260262221.100026,384678,221600,Veracruz de Ignacio de la Llave
2026,1,2,148469,148467,87073741.75999734,139068,58997,Aguascalientes
2026,15,2,785161,785142,441947526.62997913,685311,485361,Estado México
2026,16,1,289250,287225,168972259.0499869,238442,119778,Michoacán de Ocampo
2026,16,2,198320,197295,103504163.72000137,172903,149468,Michoacán de Ocampo
2026,19,1,1251064,1250993,967681884.4099497,1136256,96564,Nuevo León
2026,19,2,735280,735266,496729513.6799864,680529,81927,Nuevo León
2026,22,3,2,2,1449.97,2,1,Querétaro
2026,5,1,531298,531291,387552456.25996906,479168,69307,Coahuila de Zaragoza
2026,15,3,4,4,2060.0299999999997,3,1,Estado México
2026,1,1,213979,213976,148740744.09998953,197579,55158,Aguascalientes
2026,10,2,101570,101570,51001978.780000776,95358,37469,Durango
2026,19,3,4,4,4138.78,3,1,Nuevo León
2026,9,1,2104533,2103241,1733025250.0399628,1727889,696761,Ciudad de México
2026,20,2,101160,100380,52532393.46000066,91031,94404,Oaxaca
2026,18,2,75917,75411,39420456.86000068,62715,40878,Nayarit
2026,21,1,400657,398958,249668739.10998034,345307,232927,Puebla
2026,6,3,1,1,330.57,1,1,Colima
2026,8,3,1,1,330.57,1,1,Chihuahua
2026,11,1,677976,677966,432148637.8499693,597757,140181,Guanajuato
2026,11,3,2,2,2506.52,2,0,Guanajuato
2026,22,2,298240,298126,198103908.57999206,256111,83761,Querétaro
2026,23,1,314056,313615,189563966.46999398,222992,52865,Quintana Roo
2026,32,2,74540,74530,43238996.730000444,64636,55637,Zacatecas
2026,13,1,185091,185068,110661787.47998904,143794,107118,Hidalgo
2026,17,1,122637,120290,74475963.13000059,106013,49987,Morelos
2026,25,2,232250,232248,120032427.18999036,214115,121244,Sinaloa
2026,28,3,0,0,0.0,0,1,Tamaulipas
2026,2,2,472443,472443,325178516.80719006,441387,102826,Baja California
2026,9,3,31,31,24783.85,25,23,Ciudad de México
2026,12,1,94424,94424,54849668.2300004,75646,71179,Guerrero
2026,24,2,204085,202484,125470593.3099964,176850,77637,San Luis Potosí
2026,28,2,269540,269215,177091323.9399935,253296,89017,Tamaulipas
2026,6,2,63945,63525,35204462.72000052,57036,26816,Colima
2026,7,2,102073,100063,55513551.96999978,94260,125516,Chiapas
2026,8,1,550267,550037,407390669.6299857,506899,98932,Chihuahua
2026,26,3,0,0,0.0,0,1,Sonora
2026,30,3,2,2,645.61,2,2,Veracruz de Ignacio de la Llave
2026,15,1,1245223,1245210,793705095.039947,1003732,479333,Estado México
2026,28,1,408537,407952,299542932.65998733,365873,95730,Tamaulipas
2026,30,2,301343,295353,186909458.29998365,275542,206648,Veracruz de Ignacio de la Llave
2026,7,1,164951,162263,95826822.35999098,141916,125762,Chiapas
2026,14,2,865450,861717,523223872.7199825,773857,321971,Jalisco
2026,14,1,1181392,1174552,818879222.7599424,1036220,299397,Jalisco
2026,14,3,20,20,9402.93,17,12,Jalisco
2026,26,2,264862,264861,154552259.0199968,243493,109876,Sonora
2026,27,2,67818,66727,36935905.15000056,61216,83971,Tabasco
2026,27,3,1,1,330.57,1,0,Tabasco
2026,17,2,92203,90673,51487961.20000022,83353,54763,Morelos
2026,5,3,3,3,1980.1100000000001,3,0,Coahuila de Zaragoza
2026,25,1,327344,327322,184805789.24998307,282267,108926,Sinaloa
2026,29,1,69439,69438,40759295.65000055,55640,42456,Tlaxcala
2026,1,3,1,1,330.58,1,0,Aguascalientes
2026,22,1,423490,423370,330024021.0399827,352417,84937,Querétaro
2026,23,2,202961,202725,119065362.93999562,157668,52587,Quintana Roo
2026,27,1,138645,136846,83500519.10000071,113571,86329,Tabasco
2026,31,1,263871,263871,152753865.5299863,239397,74944,Yucatán
2026,13,3,1,1,375.75,1,4,Hidalgo
2026,4,2,43379,43275,25852721.860000215,38242,29226,Campeche
2026,5,2,324676,324676,193282499.99999297,301722,60666,Coahuila de Zaragoza
2026,18,1,107632,106548,58226232.54000077,80135,35510,Nayarit
2026,8,2,415011,414897,265063648.38999915,392300,109210,Chihuahua
2026,26,1,379778,379775,263879724.8999734,326251,99959,Sonora
2026,4,1,87884,87531,66628058.820000105,70251,29840,Campeche
2026,21,2,258250,257400,139815560.57000124,229281,257634,Puebla
2026,29,2,46457,46457,24724252.42000027,38132,43049,Tlaxcala
2026,31,3,1,1,459.01,1,1,Yucatán
2026,2,1,634913,634913,494158032.8283395,577125,99541,Baja California
2026,2,3,1,1,462.6,1,1,Baja California
2026,11,2,453482,453480,245771172.60999608,404617,137200,Guanajuato
2026,9,2,1585251,1584219,1220122857.5799701,1406830,764540,Ciudad de México
2026,31,2,166532,166532,88948006.22999462,157899,70754,Yucatán
2026,32,1,116600,116558,82768722.54999515,97017,48361,Zacatecas
2026,12,2,65252,65252,33915914.8400005,56343,79990,Guerrero
2026,13,2,110333,110324,57575956.66000023,94808,115743,Hidalgo
2026,30,1,462669,452784,298505342.7799528,381216,195695,Veracruz de Ignacio de la Llave
2026,6,1,94450,93643,59653754.23000059,78137,24642,Colima
2026,10,1,166357,166357,96722694.6700009,151174,35224,Durango
2026,3,1,137336,137336,90801265.76000021,94215,27767,Baja California Sur
2026,3,2,86893,86892,53997544.59000042,66967,28468,Baja California Sur
2026,20,1,142637,140744,80734008.29000057,118394,82383,Oaxaca
2026,24,1,296871,293211,214577204.17998207,250497,73187,San Luis Potosí
2026,18,3,1,1,549.9,1,3,Nayarit
2026,21,3,0,0,0.0,0,2,Puebla
