anio,sexo,rango_salarial,ta,ta_sal,masa_sal_ta,permanentes,no_trabajadores
2018,2,,40654,0,0.0,40654,3528941
2018,1,W2,4901340,4901340,590964170.8001204,4083315,0
2018,2,W6,321340,321340,155792465.5799995,283148,0
2018,1,W6,664969,664969,322034403.16000164,565244,0
2018,1,W23,280782,280782,565135719.7,262413,0
2018,1,W15,75501,75501,96672876.66000003,68512,0
2018,1,W17,55333,55333,80625888.94000001,50836,0
2018,2,W18,20465,20465,31621508.03999997,19138,0
2018,1,W20,35682,35682,61470771.75999997,32900,0
2018,1,W21,31063,31063,56282857.12999997,28732,0
2018,2,W11,75487,75487,69907697.59000005,67938,0
2018,2,W8,188579,188579,124280449.52999991,169187,0
2018,2,W23,87674,87674,176415978.34,82736,0
2018,2,W14,46216,46216,55179580.86999999,42138,0
2018,1,W1,5883,5883,510055.8100000009,4861,0
2018,2,W17,24971,24971,36353662.99999999,23325,0
2018,1,W3,2202051,2202051,477629966.599992,1785685,0
2018,1,W7,518703,518703,294769700.3099996,447860,0
2018,2,W1,6958,6958,608867.4700000024,5965,0
2018,2,W15,39644,39644,50725693.019999996,36814,0
2018,1,W18,45915,45915,70981874.19999997,42201,0
2018,1,,94833,0,0.0,94833,3572260
2018,2,W2,3135330,3135330,383148726.37004936,2788085,0
2018,1,W8,344121,344121,227182741.22999984,296286,0
2018,1,W4,1373623,1373623,421568569.73999846,1134744,0
2018,1,W19,39258,39258,64119999.60000003,36239,0
2018,1,W13,100818,100818,111188204.13,88521,0
2018,2,W4,785606,785606,239799722.74999923,678886,0
2018,1,W11,149084,149084,138027308.16999993,130553,0
2018,1,W14,86837,86837,103610964.09,77301,0
2018,2,W12,61840,61840,62780599.250000015,56259,0
2018,2,W9,125952,125952,94246090.11000001,113648,0
2018,2,W21,12280,12280,22243082.630000006,11524,0
2018,1,W12,122167,122167,124008121.6099998,107626,0
2018,1,W10,196339,196339,164643636.05999997,170735,0
2018,2,W20,14629,14629,25192059.710000012,13735,0
2018,1,W9,255315,255315,191204357.30000007,221947,0
2018,1,W22,33516,33516,63531823.72000004,31176,0
2018,1,W16,66197,66197,90619560.02999993,60356,0
2018,2,W16,32752,32752,44839913.08999997,30486,0
2018,2,W10,99464,99464,83459754.47999999,89665,0
2018,2,W13,51789,51789,57068609.88,46576,0
2018,2,W3,1590223,1590223,342579406.1999982,1368345,0
2018,1,W5,896682,896682,354662541.41999745,750130,0
2018,2,W5,448457,448457,176945852.8799996,393303,0
2018,2,W7,247701,247701,141344374.2499998,219980,0
2018,2,W22,12492,12492,23688608.35000001,11792,0
2018,2,W19,16918,16918,27628492.809999995,15868,0
2020,2,W9,94304,94304,98597661.74,85940,0
2020,1,W10,135199,135199,157854419.12,118957,0
2020,2,W18,95131,95131,206162659.66,89729,0
2020,2,,39020,0,0.0,39020,3891878
2020,1,W3,2096304,2096304,634481904.32,1747937,0
2020,2,W2,3942014,3942014,661978846.56,3485814,0
2020,2,W3,1394050,1394050,416812104.7,1208469,0
2020,2,W11,54390,54390,70231825.55,49462,0
2020,2,W17,15081,15081,30615943.66,14254,0
2020,2,W12,48541,48541,68661926.67,45109,0
2020,2,W5,407582,407582,224861426.41,358069,0
2020,2,W6,277705,277705,186768958.0,246687,0
2020,1,W9,182002,182002,190225730.22,159842,0
2020,1,W13,76426,76426,117615621.49,70082,0
2020,2,W8,130924,130924,120351982.13,118519,0
2020,1,W12,91574,91574,129622664.8,83243,0
2020,1,W5,833068,833068,459639663.95,713024,0
2020,2,W4,627606,627606,266892258.49,555836,0
2020,2,W15,23328,23328,41629912.54,21903,0
2020,1,W6,514816,514816,346479905.31,441512,0
2020,2,W1,14342,14342,1744733.63,12693,0
2020,2,W13,39465,39465,60719406.54,36944,0
2020,2,W7,194661,194661,155408229.05,176496,0
2020,1,W2,5673620,5673620,935527943.88,4763278,0
2020,1,W14,61085,61085,101453117.2,56152,0
2020,2,W16,18510,18510,35274595.57,17386,0
2020,2,W14,30000,30000,49793659.24,28094,0
2020,1,W7,358913,358913,286337672.77,313087,0
2020,1,W4,1189393,1189393,508107038.21,1003247,0
2020,1,W16,42007,42007,80078070.43,38801,0
2020,1,W8,243061,243061,223568988.35,210869,0
2020,2,W10,70107,70107,81831455.87,63152,0
2020,1,W15,50852,50852,90755916.41,47042,0
2020,1,W17,36001,36001,73106221.76,33324,0
2020,1,W18,282510,282510,612382341.66,264349,0
2020,1,W11,107726,107726,139069170.22,95798,0
2020,1,,84962,0,0.0,84962,3841341
2020,1,W1,12062,12062,1446201.74,10257,0
2022,2,W8,105628,105628,136385397.98,95501,0
2022,2,W1,20111,20111,3375735.81,18415,0
2022,1,W10,121621,121621,199041315.73,111761,0
2022,1,W9,155724,155724,228376811.51,141474,0
2022,1,W1,24036,24036,4009723.36,22345,0
2022,1,W4,1271004,1271004,759403282.71,1098914,0
2022,1,W3,2206291,2206291,930666980.43,1876263,0
2022,2,W5,380419,380419,293213444.79,341386,0
2022,1,W13,68530,68530,148617968.0,63943,0
2022,1,W7,293837,293837,328247933.24,259964,0
2022,2,W4,665010,665010,396084045.91,594738,0
2022,1,W2,6801903,6801903,1553599564.15,5685142,0
2022,2,W6,223729,223729,210903247.33,202477,0
2022,1,W14,360952,360952,864909520.97,341018,0
2022,1,W6,446925,446925,421569002.77,391222,0
2022,2,W12,31355,31355,62209875.93,29447,0
2022,1,W5,716286,716286,552506133.87,619641,0
2022,2,,36012,0,0.0,36012,3981917
2022,2,W13,29169,29169,63212477.85,27542,0
2022,2,W2,4959282,4959282,1149379156.09,4359043,0
2022,1,W12,70105,70105,139133386.47,65131,0
2022,1,W8,205662,205662,265559305.2,182974,0
2022,2,W11,42016,42016,76068242.81,39463,0
2022,2,W3,1415101,1415101,589531362.05,1261023,0
2022,2,W14,126057,126057,301827220.76,119717,0
2022,2,W10,61791,61791,101083278.2,57867,0
2022,2,W7,146052,146052,163164895.21,132937,0
2022,1,W11,90542,90542,163951904.63,83497,0
2022,2,W9,85461,85461,125541774.55,79403,0
2022,1,,76255,0,0.0,76255,3869424
2024,1,W5,582774,582774,645323855.7599999,503756,0
2024,1,W9,115979,115979,244661627.0300002,106472,0
2024,1,W6,343786,343786,467553121.8799996,300057,0
2024,2,W1,86423,86423,21315370.72000022,84941,0
2024,1,W11,393775,393775,1060971686.8400002,369625,0
2024,2,W5,291713,291713,322962881.1999999,262031,0
2024,1,W8,168307,168307,312936420.9800005,152885,0
2024,2,W9,54077,54077,114018913.57000004,50565,0
2024,2,W2,5948370,5948370,1957690809.2297273,5239961,0
2024,1,W4,1087388,1087388,932752952.7600006,912892,0
2024,2,W11,150121,150121,404072526.54,142292,0
2024,2,W7,122416,122416,197805941.33000007,112547,0
2024,2,W3,1402178,1402178,839660999.3099985,1244843,0
2024,2,W4,574073,574073,491394495.82999915,511502,0
2024,1,W10,88731,88731,209302115.05999994,82092,0
2024,2,W8,86085,86085,159901628.90000004,80348,0
2024,1,W2,7965491,7965491,2597194667.709343,6683547,0
2024,2,,30319,0,0.0,30319,4120046
2024,2,W10,39454,39454,93028299.07999994,36936,0
2024,1,,59969,0,0.0,59969,3970454
2024,1,W1,106716,106716,26303070.950000286,105178,0
2024,1,W3,2284523,2284523,1389472719.7600043,1946384,0
2024,2,W6,177465,177465,241464198.55000007,159442,0
2024,1,W7,229702,229702,370301258.0400002,204584,0
2026,2,W6,155925,155925,268443745.13,141132,0
2026,1,W5,497228,497228,697153988.33,440869,0
2026,3,W6,2,2,3563.61,2,0
2026,3,,0,0,0.0,0,55
2026,2,W5,255776,255776,358579039.95,232416,0
2026,1,W4,936034,936034,1016330159.21,819316,0
2026,2,W7,112663,112663,229018795.64,106080,0
2026,1,W8,132814,132814,312576432.8,122009,0
2026,1,W2,8746397,8746397,3594317971.388354,7319547,0
2026,2,W4,496641,496641,537749714.87,448552,0
2026,3,W3,13,13,10218.09,11,0
2026,1,W3,2060763,2060763,1575732038.97,1763701,0
2026,3,W4,8,8,8599.26,7,0
2026,1,W7,204527,204527,416270459.9,186977,0
2026,3,W5,2,2,2837.66,2,0
2026,2,W9,46076,46076,123389755.29,43440,0
2026,1,W6,293630,293630,505308726.96,261208,0
2026,3,W2,48,48,19697.93,40,0
2026,2,W8,63939,63939,150415383.74,59776,0
2026,2,W10,143999,143999,421809496.08,136772,0
2026,2,W1,172477,172477,54119463.660000004,170669,0
2026,1,W1,206829,206829,64896896.76,200518,0
2026,1,W9,103053,103053,276253603.3,95892,0
2026,2,W3,1235978,1235978,938050398.03,1105802,0
2026,2,,21521,0,0.0,21521,4157254
2026,3,W10,1,1,2932.75,1,0
2026,1,W10,366033,366033,1072344353.08,345207,0
2026,2,W2,6508151,6508151,2691712718.8272,5800716,0
2026,1,,37943,0,0.0,37943,3940680
2026,3,W7,1,1,1973.01,1,0
2026,3,W1,1,1,315.04,1,0
