tipo_inversion,anio,trimestre,confidencial,ied_acumulado_mdd,flujo_mdd
Cuentas entre compañías,2006,1,False,1700.796301,1700.796301
Cuentas entre compañías,2006,2,False,3692.552306,1991.756005
Cuentas entre compañías,2006,3,False,4581.716958,889.1646519999999
Cuentas entre compañías,2006,4,False,6160.97813,1579.2611720000004
Cuentas entre compañías,2007,1,False,2018.100507,2018.100507
Cuentas entre compañías,2007,2,False,3411.13402,1393.0335129999999
Cuentas entre compañías,2007,3,False,4541.069925,1129.9359049999998
Cuentas entre compañías,2007,4,False,5856.563432,1315.4935070000001
Cuentas entre compañías,2008,1,False,734.930438,734.930438
Cuentas entre compañías,2008,2,False,3286.324573,2551.394135
Cuentas entre compañías,2008,3,False,4861.999015,1575.6744420000005
Cuentas entre compañías,2008,4,False,7120.10793,2258.108915
Cuentas entre compañías,2009,1,False,1914.215206,1914.215206
Cuentas entre compañías,2009,2,False,2637.357402,723.142196
Cuentas entre compañías,2009,3,False,3252.761908,615.4045059999999
Cuentas entre compañías,2009,4,False,1476.34836,-1776.413548
Cuentas entre compañías,2010,1,False,3369.955206,3369.955206
Cuentas entre compañías,2010,2,False,3806.99410109,437.0388950900001
Cuentas entre compañías,2010,3,False,5404.16583709,1597.1717360000002
Cuentas entre compañías,2010,4,False,6247.20630835,843.0404712599993
Cuentas entre compañías,2011,1,False,298.74355688,298.74355688
Cuentas entre compañías,2011,2,False,663.48907575,364.74551886999996
Cuentas entre compañías,2011,3,False,1494.54832682,831.0592510700001
Cuentas entre compañías,2011,4,False,5177.04381037,3682.49548355
Cuentas entre compañías,2012,1,False,746.70083614,746.70083614
Cuentas entre compañías,2012,2,False,2107.87672377,1361.17588763
Cuentas entre compañías,2012,3,False,4854.13695707,2746.2602333
Cuentas entre compañías,2012,4,False,6789.12268646,1934.9857293900004
Cuentas entre compañías,2013,1,False,2027.41831301,2027.41831301
Cuentas entre compañías,2013,2,False,3855.23969662,1827.8213836099999
Cuentas entre compañías,2013,3,False,5780.53092441,1925.29122779
Cuentas entre compañías,2013,4,False,7819.210404,2038.6794795900005
Cuentas entre compañías,2014,1,False,1202.69227547,1202.69227547
Cuentas entre compañías,2014,2,False,3299.50237557,2096.8101001
Cuentas entre compañías,2014,3,False,4852.64291822,1553.14054265
Cuentas entre compañías,2014,4,False,6551.73828683,1699.0953686100002
Cuentas entre compañías,2015,1,False,180.26722899,180.26722899
Cuentas entre compañías,2015,2,False,1006.45637527,826.1891462799999
Cuentas entre compañías,2015,3,False,5291.62814996,4285.17177469
Cuentas entre compañías,2015,4,False,10539.3372028,5247.7090528399995
Cuentas entre compañías,2016,1,False,1619.35545011,1619.35545011
Cuentas entre compañías,2016,2,False,4026.23431053,2406.87886042
Cuentas entre compañías,2016,3,False,5793.41161829,1767.1773077599996
Cuentas entre compañías,2016,4,False,9514.90185172,3721.4902334300004
Cuentas entre compañías,2017,1,False,166.35787044,166.35787044
Cuentas entre compañías,2017,2,False,2515.54311891,2349.18524847
Cuentas entre compañías,2017,3,False,5176.49778452,2660.95466561
Cuentas entre compañías,2017,4,False,10096.08534383,4919.58755931
Cuentas entre compañías,2018,1,False,679.51439047,679.51439047
Cuentas entre compañías,2018,2,False,6626.19912405,5946.68473358
Cuentas entre compañías,2018,3,False,6153.36518912,-472.8339349300004
Cuentas entre compañías,2018,4,False,9464.17668879,3310.8114996699996
Cuentas entre compañías,2019,1,False,-1152.19596074,-1152.19596074
Cuentas entre compañías,2019,2,False,470.41984577,1622.6158065099999
Cuentas entre compañías,2019,3,False,2819.6980064,2349.27816063
Cuentas entre compañías,2019,4,False,2869.02472454,49.32671814000014
Cuentas entre compañías,2020,1,False,-305.8872436,-305.8872436
Cuentas entre compañías,2020,2,False,5401.69424988,5707.58149348
Cuentas entre compañías,2020,3,False,4353.43123576,-1048.2630141199998
Cuentas entre compañías,2020,4,False,5319.20163458,965.7703988200001
Cuentas entre compañías,2021,1,False,2561.59258406,2561.59258406
Cuentas entre compañías,2021,2,False,3645.68324365,1084.09065959
Cuentas entre compañías,2021,3,False,5334.02096549,1688.33772184
Cuentas entre compañías,2021,4,False,5455.01130953,120.99034404000031
Cuentas entre compañías,2022,1,False,1359.96525554,1359.96525554
Cuentas entre compañías,2022,2,False,4164.14617875,2804.1809232100004
Cuentas entre compañías,2022,3,False,3662.72407398,-501.42210477000026
Cuentas entre compañías,2022,4,False,2027.50871002,-1635.2153639599999
Cuentas entre compañías,2023,1,False,202.67482748,202.67482748
Cuentas entre compañías,2023,2,False,3621.43434938,3418.7595219
Cuentas entre compañías,2023,3,False,4388.17122251,766.7368731299998
Cuentas entre compañías,2023,4,False,4552.26475659,164.0935340799997
Cuentas entre compañías,2024,1,False,-1521.41771723,-1521.41771723
Cuentas entre compañías,2024,2,False,338.80470989,1860.2224271200002
Cuentas entre compañías,2024,3,False,3637.06593569,3298.2612258
Cuentas entre compañías,2024,4,False,5114.7446042,1477.67866851
Cuentas entre compañías,2025,1,False,2656.70716783,2656.70716783
Cuentas entre compañías,2025,2,False,2083.9123201,-572.7948477299997
Cuentas entre compañías,2025,3,False,6904.08741459,4820.1750944899995
Cuentas entre compañías,2025,4,False,5844.00283539,-1060.0845792
Nuevas inversiones,2006,1,False,897.6062603,897.6062603
Nuevas inversiones,2006,2,False,3007.98140359,2110.37514329
Nuevas inversiones,2006,3,False,4292.13727605,1284.15587246
Nuevas inversiones,2006,4,False,6972.95667139,2680.8193953400005
Nuevas inversiones,2007,1,False,3108.21917995,3108.21917995
Nuevas inversiones,2007,2,False,5668.92074086,2560.7015609099994
Nuevas inversiones,2007,3,False,11728.30306267,6059.382321810001
Nuevas inversiones,2007,4,False,18027.49642054,6299.193357869999
Nuevas inversiones,2008,1,False,2510.560477,2510.560477
Nuevas inversiones,2008,2,False,4426.98760537,1916.42712837
Nuevas inversiones,2008,3,False,8467.41824443,4040.4306390600004
Nuevas inversiones,2008,4,False,13072.4221884,4605.003943969999
Nuevas inversiones,2009,1,False,2984.46698027,2984.46698027
Nuevas inversiones,2009,2,False,5238.85436588,2254.38738561
Nuevas inversiones,2009,3,False,6295.38128508,1056.5269192000005
Nuevas inversiones,2009,4,False,11009.690498,4714.3092129199995
Nuevas inversiones,2010,1,False,2948.07456396,2948.07456396
Nuevas inversiones,2010,2,False,9626.96527814,6678.89071418
Nuevas inversiones,2010,3,False,11896.11094409,2269.14566595
Nuevas inversiones,2010,4,False,15645.98090887,3749.8699647800004
Nuevas inversiones,2011,1,False,3058.2977849,3058.2977849
Nuevas inversiones,2011,2,False,5149.46625269,2091.1684677900002
Nuevas inversiones,2011,3,False,7754.31702113,2604.85076844
Nuevas inversiones,2011,4,False,9699.18801041,1944.8709892799998
Nuevas inversiones,2012,1,False,1494.30631034,1494.30631034
Nuevas inversiones,2012,2,False,3606.00528751,2111.69897717
Nuevas inversiones,2012,3,False,6007.9046033,2401.8993157900004
Nuevas inversiones,2012,4,False,4316.57830927,-1691.32629403
Nuevas inversiones,2013,1,False,749.06269892,749.06269892
Nuevas inversiones,2013,2,False,16193.65692016,15444.59422124
Nuevas inversiones,2013,3,False,16455.93976358,262.2828434200019
Nuevas inversiones,2013,4,False,22040.95465718,5585.014893599997
Nuevas inversiones,2014,1,False,2427.15046408,2427.15046408
Nuevas inversiones,2014,2,False,-5.8992377,-2433.04970178
Nuevas inversiones,2014,3,False,436.02800046,441.92723816
Nuevas inversiones,2014,4,False,5763.03751732,5327.00951686
Nuevas inversiones,2015,1,False,4406.97221876,4406.97221876
Nuevas inversiones,2015,2,False,7223.72143919,2816.7492204299997
Nuevas inversiones,2015,3,False,11724.899575,4501.17813581
Nuevas inversiones,2015,4,False,13450.39993928,1725.5003642800002
Nuevas inversiones,2016,1,False,3851.21293599,3851.21293599
Nuevas inversiones,2016,2,False,5312.04060896,1460.82767297
Nuevas inversiones,2016,3,False,6865.05163104,1553.0110220799997
Nuevas inversiones,2016,4,False,10994.89632455,4129.84469351
Nuevas inversiones,2017,1,False,2783.15456662,2783.15456662
Nuevas inversiones,2017,2,False,5940.48274585,3157.3281792300004
Nuevas inversiones,2017,3,False,9511.0136057,3570.5308598499996
Nuevas inversiones,2017,4,False,11965.77271996,2454.7591142599995
Nuevas inversiones,2018,1,False,1942.00897461,1942.00897461
Nuevas inversiones,2018,2,False,4236.61814824,2294.6091736299995
Nuevas inversiones,2018,3,False,8463.90816837,4227.290020130001
Nuevas inversiones,2018,4,False,11333.82042652,2869.9122581499996
Nuevas inversiones,2019,1,False,2621.90853211,2621.90853211
Nuevas inversiones,2019,2,False,5029.12989195,2407.2213598399994
Nuevas inversiones,2019,3,False,9989.78599879,4960.65610684
Nuevas inversiones,2019,4,False,13573.95412873,3584.1681299400007
Nuevas inversiones,2020,1,False,2609.36504025,2609.36504025
Nuevas inversiones,2020,2,False,3486.20742661,876.8423863599996
Nuevas inversiones,2020,3,False,5094.1532179,1607.9457912899998
Nuevas inversiones,2020,4,False,6825.58713322,1731.4339153200008
Nuevas inversiones,2021,1,False,2251.29554663,2251.29554663
Nuevas inversiones,2021,2,False,5922.83869898,3671.54315235
Nuevas inversiones,2021,3,False,10097.19821264,4174.35951366
Nuevas inversiones,2021,4,False,15479.55925149,5382.36103885
Nuevas inversiones,2022,1,False,8840.94452486,8840.94452486
Nuevas inversiones,2022,2,False,12607.75840819,3766.81388333
Nuevas inversiones,2022,3,False,15308.11846851,2700.3600603199993
Nuevas inversiones,2022,4,False,18190.67732842,2882.5588599099992
Nuevas inversiones,2023,1,False,1654.88533913,1654.88533913
Nuevas inversiones,2023,2,False,3041.58808374,1386.70274461
Nuevas inversiones,2023,3,False,3861.20948026,819.62139652
Nuevas inversiones,2023,4,False,5286.10366898,1424.8941887200003
Nuevas inversiones,2024,1,False,899.68777181,899.68777181
Nuevas inversiones,2024,2,False,1901.10153867,1001.4137668600001
Nuevas inversiones,2024,3,False,2774.47655715,873.3750184800001
Nuevas inversiones,2024,4,False,4114.20536655,1339.7288093999996
Nuevas inversiones,2025,1,False,2323.63368374,2323.63368374
Nuevas inversiones,2025,2,False,3810.72031028,1487.08662654
Nuevas inversiones,2025,3,False,7251.75092925,3441.03061897
Nuevas inversiones,2025,4,False,7318.71488445,66.96395519999987
Reinversión de utilidades,2006,1,False,4839.45387447,4839.45387447
Reinversión de utilidades,2006,2,False,7371.63371747,2532.179843
Reinversión de utilidades,2006,3,False,7545.03612847,173.40241100000003
Reinversión de utilidades,2006,4,False,8102.91873847,557.8826099999997
Reinversión de utilidades,2007,1,False,5689.46172392,5689.46172392
Reinversión de utilidades,2007,2,False,7873.36495392,2183.90323
Reinversión de utilidades,2007,3,False,8312.70031492,439.3353610000013
Reinversión de utilidades,2007,4,False,8509.97796592,197.2776509999985
Reinversión de utilidades,2008,1,False,5309.34060024,5309.34060024
Reinversión de utilidades,2008,2,False,9218.27625524,3908.935655
Reinversión de utilidades,2008,3,False,9246.30853824,28.03228300000046
Reinversión de utilidades,2008,4,False,9328.88902946,82.58049122000011
Reinversión de utilidades,2009,1,False,1206.61322736,1206.61322736
Reinversión de utilidades,2009,2,False,4323.57700036,3116.963773
Reinversión de utilidades,2009,3,False,5049.68216736,726.1051669999997
Reinversión de utilidades,2009,4,False,5365.22111736,315.5389500000001
Reinversión de utilidades,2010,1,False,2404.76192878,2404.76192878
Reinversión de utilidades,2010,2,False,4590.45369678,2185.6917680000006
Reinversión de utilidades,2010,3,False,4666.22041778,75.76672099999996
Reinversión de utilidades,2010,4,False,5305.81516478,639.5947469999992
Reinversión de utilidades,2011,1,False,5074.18212784,5074.18212784
Reinversión de utilidades,2011,2,False,9315.71770126,4241.53557342
Reinversión de utilidades,2011,3,False,10229.70275326,913.985052
Reinversión de utilidades,2011,4,False,10756.34630375,526.64355049
Reinversión de utilidades,2012,1,False,5652.18195271,5652.18195271
Reinversión de utilidades,2012,2,False,7801.43798455,2149.25603184
Reinversión de utilidades,2012,3,False,8389.5744904,588.1365058500005
Reinversión de utilidades,2012,4,False,10664.13040026,2274.5559098600006
Reinversión de utilidades,2013,1,False,7795.09863713,7795.09863713
Reinversión de utilidades,2013,2,False,11541.82898496,3746.730347830001
Reinversión de utilidades,2013,3,False,13533.06904896,1991.2400639999996
Reinversión de utilidades,2013,4,False,18496.59878832,4963.529739359999
Reinversión de utilidades,2014,1,False,10198.16560588,10198.16560588
Reinversión de utilidades,2014,2,False,16013.32702201,5815.16141613
Reinversión de utilidades,2014,3,False,17240.38345117,1227.0564291600003
Reinversión de utilidades,2014,4,False,18036.72951482,796.3460636499985
Reinversión de utilidades,2015,1,False,7549.21671271,7549.21671271
Reinversión de utilidades,2015,2,False,10563.12719401,3013.9104812999994
Reinversión de utilidades,2015,3,False,11412.42114828,849.2939542700005
Reinversión de utilidades,2015,4,False,11955.44229204,543.0211437599992
Reinversión de utilidades,2016,1,False,7335.22749271,7335.22749271
Reinversión de utilidades,2016,2,False,9678.16607884,2342.9385861300007
Reinversión de utilidades,2016,3,False,10678.07626915,999.91019031
Reinversión de utilidades,2016,4,False,10682.51622727,4.439958119999574
Reinversión de utilidades,2017,1,False,10832.03149885,10832.03149885
Reinversión de utilidades,2017,2,False,12162.86001133,1330.8285124800004
Reinversión de utilidades,2017,3,False,12292.87644499,130.01643366000098
Reinversión de utilidades,2017,4,False,11981.19456306,-311.6818819300006
Reinversión de utilidades,2018,1,False,11453.90976059,11453.90976059
Reinversión de utilidades,2018,2,False,12792.33179858,1338.4220379899998
Reinversión de utilidades,2018,3,False,13171.40209436,379.0702957800004
Reinversión de utilidades,2018,4,False,13312.95873943,141.55664506999892
Reinversión de utilidades,2019,1,False,13743.40666804,13743.40666804
Reinversión de utilidades,2019,2,False,16219.18918492,2475.782516880001
Reinversión de utilidades,2019,3,False,17127.95222144,908.7630365199984
Reinversión de utilidades,2019,4,False,18178.99314984,1051.0409284000016
Reinversión de utilidades,2020,1,False,14479.14840726,14479.14840726
Reinversión de utilidades,2020,2,False,15272.36686673,793.2184594700011
Reinversión de utilidades,2020,3,False,16050.52366009,778.1567933599999
Reinversión de utilidades,2020,4,False,16135.41230032,84.88864022999951
Reinversión de utilidades,2021,1,False,11690.45287299,11690.45287299
Reinversión de utilidades,2021,2,False,12862.21149007,1171.7586170800005
Reinversión de utilidades,2021,3,False,13432.16786466,569.9563745899995
Reinversión de utilidades,2021,4,False,12913.13838795,-519.0294767099986
Reinversión de utilidades,2022,1,False,12582.34936309,12582.34936309
Reinversión de utilidades,2022,2,False,14393.39277422,1811.04341113
Reinversión de utilidades,2022,3,False,15644.82687497,1251.4341007500007
Reinversión de utilidades,2022,4,False,16202.30091021,557.4740352400004
Reinversión de utilidades,2023,1,False,21801.35042052,21801.35042052
Reinversión de utilidades,2023,2,False,25507.73812583,3706.3877053100005
Reinversión de utilidades,2023,3,False,26965.00570168,1457.2675758499972
Reinversión de utilidades,2023,4,False,26639.24930718,-325.75639449999653
Reinversión de utilidades,2024,1,False,27837.98851026,27837.98851026
Reinversión de utilidades,2024,2,False,31458.44717756,3620.4586673000013
Reinversión de utilidades,2024,3,False,30350.16369002,-1108.2834875400004
Reinversión de utilidades,2024,4,False,28710.31486654,-1639.8488234799988
Reinversión de utilidades,2025,1,False,19432.26907392,19432.26907392
Reinversión de utilidades,2025,2,False,32277.39417474,12845.125100819998
Reinversión de utilidades,2025,3,False,31752.60160622,-524.7925685199989
Reinversión de utilidades,2025,4,False,27649.33990823,-4103.261697990001
Total general,2006,1,False,7437.85643577,7437.85643577
Total general,2006,2,False,14072.16742706,6634.31099129
Total general,2006,3,False,16418.89036252,2346.7229354600004
Total general,2006,4,False,21236.85353986,4817.96317734
Total general,2007,1,False,10815.78141087,10815.78141087
Total general,2007,2,False,16953.41971478,6137.63830391
Total general,2007,3,False,24582.07330259,7628.65358781
Total general,2007,4,False,32394.03781846,7811.9645158700005
Total general,2008,1,False,8554.83151524,8554.83151524
Total general,2008,2,False,16931.58843361,8376.75691837
Total general,2008,3,False,22575.72579767,5644.1373640599995
Total general,2008,4,False,29521.41914786,6945.693350190002
Total general,2009,1,False,6105.29541363,6105.29541363
Total general,2009,2,False,12199.78876824,6094.493354609999
Total general,2009,3,False,14597.82536044,2398.0365922
Total general,2009,4,False,17851.25997536,3253.434614920001
Total general,2010,1,False,8722.79169874,8722.79169874
Total general,2010,2,False,18024.41307601,9301.621377270001
Total general,2010,3,False,21966.49719896,3942.08412295
Total general,2010,4,False,27199.002382,5232.505183039997
Total general,2011,1,False,8431.22346962,8431.22346962
Total general,2011,2,False,15128.6730297,6697.44956008
Total general,2011,3,False,19478.56810121,4349.89507151
Total general,2011,4,False,25632.57812453,6154.010023319999
Total general,2012,1,False,7893.18909919,7893.18909919
Total general,2012,2,False,13515.31999583,5622.130896639999
Total general,2012,3,False,19251.61605077,5736.296054940001
Total general,2012,4,False,21769.83139599,2518.21534522
Total general,2013,1,False,10571.57964906,10571.57964906
Total general,2013,2,False,31590.72560175,21019.14595269
Total general,2013,3,False,35769.53973695,4178.814135199998
Total general,2013,4,False,48356.7638495,12587.22411255
Total general,2014,1,False,13828.00834543,13828.00834543
Total general,2014,2,False,19306.93015988,5478.921814450001
Total general,2014,3,False,22529.05436985,3222.1242099699994
Total general,2014,4,False,30351.50531898,7822.450949129998
Total general,2015,1,False,12136.45616046,12136.45616046
Total general,2015,2,False,18793.30500847,6656.84884801
Total general,2015,3,False,28428.94887324,9635.643864769998
Total general,2015,4,False,35945.17943412,7516.230560880002
Total general,2016,1,False,12805.79587881,12805.79587881
Total general,2016,2,False,19016.44099833,6210.645119519999
Total general,2016,3,False,23336.53951849,4320.0985201600015
Total general,2016,4,False,31192.31440354,7855.774885049999
Total general,2017,1,False,13781.54393591,13781.54393591
Total general,2017,2,False,20618.88587609,6837.34194018
Total general,2017,3,False,26980.38783521,6361.50195912
Total general,2017,4,False,34043.05262685,7062.664791640003
Total general,2018,1,False,14075.43312567,14075.43312567
Total general,2018,2,False,23655.14907087,9579.7159452
Total general,2018,3,False,27788.67545185,4133.526380979998
Total general,2018,4,False,34110.95585474,6322.280402890003
Total general,2019,1,False,15213.11923941,15213.11923941
Total general,2019,2,False,21718.73892264,6505.619683230001
Total general,2019,3,False,29937.43622663,8218.69730399
Total general,2019,4,False,34621.97200311,4684.535776479999
Total general,2020,1,False,16782.62620391,16782.62620391
Total general,2020,2,False,24160.26854322,7377.642339310001
Total general,2020,3,False,25498.10811375,1337.839570529999
Total general,2020,4,False,28280.20106813,2782.092954380001
Total general,2021,1,False,16503.34100367,16503.34100367
Total general,2021,2,False,22430.73343271,5927.392429039999
Total general,2021,3,False,28863.38704278,6432.65361007
Total general,2021,4,False,33847.70894897,4984.321906190002
Total general,2022,1,False,22783.2591435,22783.2591435
Total general,2022,2,False,31165.29736116,8382.03821766
Total general,2022,3,False,34615.66941745,3450.3720562900016
Total general,2022,4,False,36420.48694864,1804.8175311899977
Total general,2023,1,False,23658.91058713,23658.91058713
Total general,2023,2,False,32170.76055895,8511.84997182
Total general,2023,3,False,35214.38640445,3043.625845499999
Total general,2023,4,False,36477.61773275,1263.2313282999967
Total general,2024,1,False,27216.25856484,27216.25856484
Total general,2024,2,False,33698.35342612,6482.094861279995
Total general,2024,3,False,36761.70618286,3063.3527567400015
Total general,2024,4,False,37939.26483729,1177.5586544300022
Total general,2025,1,False,24412.60992549,24412.60992549
Total general,2025,2,False,38172.02680512,13759.416879629996
Total general,2025,3,False,45908.43995006,7736.413144940001
Total general,2025,4,False,40812.05762807,-5096.3823219900005
