entidad_federativa,anio,trimestre,confidencial,ied_acumulado_mdd,flujo_mdd
Aguascalientes,2018,1,False,76.96118607,76.96118607
Aguascalientes,2018,2,False,746.2198644,669.2586783300001
Aguascalientes,2018,3,False,870.3007984,124.08093399999996
Aguascalientes,2018,4,False,1140.895315,270.5945166
Aguascalientes,2019,1,False,83.47730844,83.47730844
Aguascalientes,2019,2,False,280.8856715,197.40836306
Aguascalientes,2019,3,False,312.2482145,31.362543000000016
Aguascalientes,2019,4,False,472.1148368,159.86662229999996
Aguascalientes,2020,1,False,183.5890096,183.5890096
Aguascalientes,2020,2,False,226.9628869,43.373877300000004
Aguascalientes,2020,3,False,360.7066525,133.74376560000002
Aguascalientes,2020,4,False,759.1995024,398.4928499
Aguascalientes,2021,1,False,112.4065511,112.4065511
Aguascalientes,2021,2,False,238.0387725,125.63222139999999
Aguascalientes,2021,3,False,169.0260466,-69.01272589999999
Aguascalientes,2021,4,False,33.42883813,-135.59720847
Aguascalientes,2022,1,False,250.8566848,250.8566848
Aguascalientes,2022,2,False,418.6052497,167.7485649
Aguascalientes,2022,3,False,462.4214545,43.81620479999998
Aguascalientes,2022,4,False,594.8694046,132.44795010000007
Aguascalientes,2023,1,False,174.4536026,174.4536026
Aguascalientes,2023,2,False,1240.266186,1065.8125834
Aguascalientes,2023,3,False,1393.275271,153.0090849999999
Aguascalientes,2023,4,False,1379.152897,-14.122374000000036
Aguascalientes,2024,1,False,-89.58034744,-89.58034744
Aguascalientes,2024,2,False,394.1288797,483.70922714000005
Aguascalientes,2024,3,False,724.8797007,330.7508209999999
Aguascalientes,2024,4,False,993.069874,268.1901733000001
Aguascalientes,2025,1,False,109.8530806,109.8530806
Aguascalientes,2025,2,False,394.5921898,284.73910920000003
Aguascalientes,2025,3,False,200.4318213,-194.16036850000003
Aguascalientes,2025,4,False,-334.1243063,-534.5561276
Aguascalientes,2026,1,False,342.0507487,342.0507487
Baja California,2018,1,False,428.0427995,428.0427995
Baja California,2018,2,False,784.7200178,356.67721830000005
Baja California,2018,3,False,1027.802356,243.08233819999987
Baja California,2018,4,False,1476.797014,448.9946580000001
Baja California,2019,1,False,411.6368177,411.6368177
Baja California,2019,2,False,636.4991653,224.86234759999996
Baja California,2019,3,False,985.6539082,349.1547429000001
Baja California,2019,4,False,948.5380967,-37.11581150000006
Baja California,2020,1,False,500.9823447,500.9823447
Baja California,2020,2,False,761.199707,260.2173623
Baja California,2020,3,False,927.9450131,166.7453061
Baja California,2020,4,False,1104.748878,176.80386490000012
Baja California,2021,1,False,295.1646972,295.1646972
Baja California,2021,2,False,1625.823745,1330.6590477999998
Baja California,2021,3,False,1924.075376,298.2516310000001
Baja California,2021,4,False,2212.812735,288.73735899999997
Baja California,2022,1,False,839.563989,839.563989
Baja California,2022,2,False,1133.434871,293.87088199999994
Baja California,2022,3,False,1533.632459,400.197588
Baja California,2022,4,False,1877.305514,343.673055
Baja California,2023,1,False,785.0663057,785.0663057
Baja California,2023,2,False,1463.27116,678.2048543
Baja California,2023,3,False,1190.330753,-272.94040700000005
Baja California,2023,4,False,1472.804917,282.474164
Baja California,2024,1,False,1082.632868,1082.632868
Baja California,2024,2,False,1809.065877,726.4330090000001
Baja California,2024,3,False,1998.277994,189.21211700000003
Baja California,2024,4,False,2478.525348,480.2473540000001
Baja California,2025,1,False,857.1245602,857.1245602
Baja California,2025,2,False,1576.561107,719.4365468
Baja California,2025,3,False,1783.354014,206.792907
Baja California,2025,4,False,1892.340941,108.98692699999992
Baja California,2026,1,False,1394.453728,1394.453728
Baja California Sur,2018,1,False,134.3571115,134.3571115
Baja California Sur,2018,2,False,186.4809234,52.12381189999999
Baja California Sur,2018,3,False,320.1480824,133.66715900000003
Baja California Sur,2018,4,False,433.3165908,113.16850839999995
Baja California Sur,2019,1,False,111.7983121,111.7983121
Baja California Sur,2019,2,False,233.7362153,121.9379032
Baja California Sur,2019,3,False,464.5155257,230.7793104
Baja California Sur,2019,4,False,588.9677412,124.45221549999997
Baja California Sur,2020,1,False,79.45449919,79.45449919
Baja California Sur,2020,2,False,127.5704124,48.11591320999999
Baja California Sur,2020,3,False,412.358265,284.7878526
Baja California Sur,2020,4,False,552.5806051,140.22234009999994
Baja California Sur,2021,1,False,280.161178,280.161178
Baja California Sur,2021,2,False,526.8750299,246.71385189999995
Baja California Sur,2021,3,False,808.7307331,281.8557032
Baja California Sur,2021,4,False,1211.130356,402.39962289999994
Baja California Sur,2022,1,False,208.830091,208.830091
Baja California Sur,2022,2,False,358.277321,149.44722999999996
Baja California Sur,2022,3,False,526.8402537,168.56293269999998
Baja California Sur,2022,4,False,668.1419772,141.3017235000001
Baja California Sur,2023,1,False,108.6477901,108.6477901
Baja California Sur,2023,2,False,533.4059263,424.7581362
Baja California Sur,2023,3,False,947.4784045,414.0724782
Baja California Sur,2023,4,False,1041.020163,93.5417584999999
Baja California Sur,2024,1,False,174.3235055,174.3235055
Baja California Sur,2024,2,False,366.9391433,192.6156378
Baja California Sur,2024,3,False,819.72217,452.7830267
Baja California Sur,2024,4,False,1353.157646,533.4354760000001
Baja California Sur,2025,1,False,83.73263897,83.73263897
Baja California Sur,2025,2,False,565.6344577,481.90181873
Baja California Sur,2025,3,False,873.7229417,308.088484
Baja California Sur,2025,4,False,1577.955909,704.2329673
Baja California Sur,2026,1,False,222.0996483,222.0996483
Campeche,2018,1,False,3.42706256,3.42706256
Campeche,2018,2,False,24.64377491,21.21671235
Campeche,2018,3,False,17.31790005,-7.3258748600000025
Campeche,2018,4,False,111.2951557,93.97725564999999
Campeche,2019,1,False,32.71878212,32.71878212
Campeche,2019,2,False,66.60959977,33.89081765
Campeche,2019,3,False,126.2123006,59.60270083
Campeche,2019,4,False,145.7411878,19.5288872
Campeche,2020,1,False,59.13349105,59.13349105
Campeche,2020,2,False,93.41446254,34.28097149
Campeche,2020,3,False,113.5076675,20.093204959999994
Campeche,2020,4,False,140.2804108,26.772743300000002
Campeche,2021,1,False,33.75569238,33.75569238
Campeche,2021,2,False,108.7046168,74.94892442
Campeche,2021,3,False,193.1800067,84.47538990000001
Campeche,2021,4,False,218.3977244,25.21771769999998
Campeche,2022,1,False,83.40491714,83.40491714
Campeche,2022,2,False,88.2376574,4.8327402600000084
Campeche,2022,3,False,80.1674525,-8.070204900000007
Campeche,2022,4,False,40.39690726,-39.77054524
Campeche,2023,1,False,16.00138543,16.00138543
Campeche,2023,2,False,-11.33539933,-27.33678476
Campeche,2023,3,False,20.88748422,32.22288355
Campeche,2023,4,False,74.17070622,53.283221999999995
Campeche,2024,1,False,12.59820999,12.59820999
Campeche,2024,2,False,126.609792,114.01158201
Campeche,2024,3,False,136.2161609,9.606368900000007
Campeche,2024,4,False,535.9556912,399.73953030000007
Campeche,2025,1,False,-2.87875536,-2.87875536
Campeche,2025,2,False,11.60899343,14.48774879
Campeche,2025,3,False,78.53513486,66.92614143
Campeche,2025,4,False,-9.02558778,-87.56072264
Campeche,2026,1,False,36.04612985,36.04612985
Chiapas,2018,1,False,45.09275011,45.09275011
Chiapas,2018,2,False,55.59974775,10.506997640000002
Chiapas,2018,3,False,68.54017293,12.940425179999998
Chiapas,2018,4,False,66.78482971,-1.7553432200000003
Chiapas,2019,1,False,127.5360807,127.5360807
Chiapas,2019,2,False,177.0994187,49.563338
Chiapas,2019,3,False,210.3515247,33.252106
Chiapas,2019,4,False,245.8045872,35.45306249999999
Chiapas,2020,1,False,57.2655145,57.2655145
Chiapas,2020,2,False,57.88959263,0.6240781300000009
Chiapas,2020,3,False,137.3750597,79.48546707
Chiapas,2020,4,False,130.7413713,-6.633688400000011
Chiapas,2021,1,False,190.0612697,190.0612697
Chiapas,2021,2,False,183.7954965,-6.265773199999984
Chiapas,2021,3,False,195.7345801,11.939083599999975
Chiapas,2021,4,False,167.7788445,-27.955735599999997
Chiapas,2022,1,False,248.4174966,248.4174966
Chiapas,2022,2,False,235.6437167,-12.773779899999994
Chiapas,2022,3,False,239.6998724,4.056155700000005
Chiapas,2022,4,False,186.7916724,-52.908199999999994
Chiapas,2023,1,False,59.30803481,59.30803481
Chiapas,2023,2,False,64.037636,4.729601190000004
Chiapas,2023,3,False,36.65928904,-27.37834696000001
Chiapas,2023,4,False,39.83869197,3.179402930000002
Chiapas,2024,1,False,9.41843733,9.41843733
Chiapas,2024,2,False,101.2424761,91.82403877
Chiapas,2024,3,False,107.3934086,6.150932499999996
Chiapas,2024,4,False,104.736611,-2.6567976000000044
Chiapas,2025,1,False,1.99202691,1.99202691
Chiapas,2025,2,False,28.13094852,26.13892161
Chiapas,2025,3,False,40.61091168,12.47996316
Chiapas,2025,4,False,32.04775454,-8.563157140000001
Chiapas,2026,1,False,84.16255691,84.16255691
Chihuahua,2018,1,False,395.4624338,395.4624338
Chihuahua,2018,2,False,721.2770433,325.81460949999996
Chihuahua,2018,3,False,915.5588403,194.2817970000001
Chihuahua,2018,4,False,1137.815834,222.25699369999995
Chihuahua,2019,1,False,438.0236767,438.0236767
Chihuahua,2019,2,False,763.0535179,325.02984119999996
Chihuahua,2019,3,False,1117.783936,354.73041810000007
Chihuahua,2019,4,False,1385.311695,267.52775900000006
Chihuahua,2020,1,False,267.8207104,267.8207104
Chihuahua,2020,2,False,465.2932647,197.4725543
Chihuahua,2020,3,False,449.1321819,-16.16108280000003
Chihuahua,2020,4,False,632.3094576,183.1772757
Chihuahua,2021,1,False,514.8503736,514.8503736
Chihuahua,2021,2,False,1049.117525,534.2671513999999
Chihuahua,2021,3,False,1169.581064,120.46353900000008
Chihuahua,2021,4,False,1843.383637,673.8025729999999
Chihuahua,2022,1,False,774.3564366,774.3564366
Chihuahua,2022,2,False,1153.578211,379.22177439999996
Chihuahua,2022,3,False,1683.028398,529.4501869999999
Chihuahua,2022,4,False,1875.864234,192.83583599999997
Chihuahua,2023,1,False,562.4089805,562.4089805
Chihuahua,2023,2,False,1092.364444,529.9554635000001
Chihuahua,2023,3,False,1517.832162,425.4677179999999
Chihuahua,2023,4,False,1979.53816,461.70599800000014
Chihuahua,2024,1,False,683.0573548,683.0573548
Chihuahua,2024,2,False,1076.27238,393.2150252000001
Chihuahua,2024,3,False,1250.210847,173.93846699999995
Chihuahua,2024,4,False,1496.725833,246.5149859999999
Chihuahua,2025,1,False,440.4739201,440.4739201
Chihuahua,2025,2,False,936.1024665,495.6285464
Chihuahua,2025,3,False,896.3512131,-39.751253399999996
Chihuahua,2025,4,False,1065.571457,169.2202439
Chihuahua,2026,1,False,406.4425125,406.4425125
Ciudad de México,2018,1,False,2020.234538,2020.234538
Ciudad de México,2018,2,False,4283.252391,2263.0178530000003
Ciudad de México,2018,3,False,4473.977714,190.72532299999966
Ciudad de México,2018,4,False,5843.86837,1369.8906560000005
Ciudad de México,2019,1,False,2680.13985,2680.13985
Ciudad de México,2019,2,False,5305.444111,2625.3042609999998
Ciudad de México,2019,3,False,6528.191964,1222.7478529999998
Ciudad de México,2019,4,False,7896.0453,1367.8533360000001
Ciudad de México,2020,1,False,2461.572132,2461.572132
Ciudad de México,2020,2,False,3419.767894,958.1957620000003
Ciudad de México,2020,3,False,5098.349009,1678.5811149999995
Ciudad de México,2020,4,False,6947.100907,1848.7518980000004
Ciudad de México,2021,1,False,2202.091838,2202.091838
Ciudad de México,2021,2,False,3270.230288,1068.1384500000004
Ciudad de México,2021,3,False,4109.116542,838.8862539999996
Ciudad de México,2021,4,False,5056.938474,947.8219319999998
Ciudad de México,2022,1,False,7973.217569,7973.217569
Ciudad de México,2022,2,False,9356.199878,1382.982308999999
Ciudad de México,2022,3,False,10296.3355,940.1356219999998
Ciudad de México,2022,4,False,10923.26494,626.9294399999999
Ciudad de México,2023,1,False,7039.127472,7039.127472
Ciudad de México,2023,2,False,10224.5346,3185.4071280000007
Ciudad de México,2023,3,False,10579.83203,355.2974299999987
Ciudad de México,2023,4,False,11196.97365,617.1416200000003
Ciudad de México,2024,1,False,12042.99368,12042.99368
Ciudad de México,2024,2,False,14184.37209,2141.378410000001
Ciudad de México,2024,3,False,15778.18545,1593.81336
Ciudad de México,2024,4,False,14426.53236,-1351.6530900000016
Ciudad de México,2025,1,False,11805.77731,11805.77731
Ciudad de México,2025,2,False,19311.7754,7505.998089999999
Ciudad de México,2025,3,False,22812.55956,3500.784160000003
Ciudad de México,2025,4,False,22381.29634,-431.26322000000073
Ciudad de México,2026,1,False,11776.81618,11776.81618
Coahuila,2018,1,False,486.4437284,486.4437284
Coahuila,2018,2,False,1105.926838,619.4831096
Coahuila,2018,3,False,2450.506782,1344.5799439999998
Coahuila,2018,4,False,2737.849856,287.3430739999999
Coahuila,2019,1,False,145.3410388,145.3410388
Coahuila,2019,2,False,721.1146405,575.7736017
Coahuila,2019,3,False,753.2183828,32.10374230000002
Coahuila,2019,4,False,1339.426176,586.2077932
Coahuila,2020,1,False,165.9777797,165.9777797
Coahuila,2020,2,False,623.7258173,457.7480376
Coahuila,2020,3,False,702.5780436,78.85222629999998
Coahuila,2020,4,False,1091.600609,389.0225654000001
Coahuila,2021,1,False,365.0299139,365.0299139
Coahuila,2021,2,False,963.2731688,598.2432549
Coahuila,2021,3,False,1086.096191,122.82302220000008
Coahuila,2021,4,False,1043.379329,-42.71686199999999
Coahuila,2022,1,False,259.3634659,259.3634659
Coahuila,2022,2,False,569.2580024,309.8945365
Coahuila,2022,3,False,727.4095337,158.1515313
Coahuila,2022,4,False,792.4446391,65.03510540000002
Coahuila,2023,1,False,321.7860505,321.7860505
Coahuila,2023,2,False,1189.487023,867.7009724999999
Coahuila,2023,3,False,665.5107306,-523.9762923999999
Coahuila,2023,4,False,921.4388905,255.92815989999997
Coahuila,2024,1,False,6.2494393,6.2494393
Coahuila,2024,2,False,391.9986958,385.7492565
Coahuila,2024,3,False,481.4815191,89.4828233
Coahuila,2024,4,False,396.7401992,-84.74131990000001
Coahuila,2025,1,False,538.4001421,538.4001421
Coahuila,2025,2,False,845.1152007,306.7150585999999
Coahuila,2025,3,False,1176.869732,331.75453130000017
Coahuila,2025,4,False,1306.668158,129.79842599999984
Coahuila,2026,1,False,449.8695068,449.8695068
Colima,2018,1,False,39.77122515,39.77122515
Colima,2018,2,False,57.53247466,17.76124951
Colima,2018,3,False,59.13244331,1.599968650000001
Colima,2018,4,False,97.47287001,38.340426699999995
Colima,2019,1,False,26.43907199,26.43907199
Colima,2019,2,False,46.56534228,20.126270290000004
Colima,2019,3,False,51.3570965,4.791754219999994
Colima,2019,4,False,49.94177187,-1.4153246300000006
Colima,2020,1,False,52.42748562,52.42748562
Colima,2020,2,False,78.32186789,25.894382269999994
Colima,2020,3,False,105.8344896,27.512621710000005
Colima,2020,4,False,97.59920535,-8.235284249999992
Colima,2021,1,False,28.55599185,28.55599185
Colima,2021,2,False,25.88981908,-2.666172770000003
Colima,2021,3,False,19.84232,-6.047499079999998
Colima,2021,4,False,45.12106686,25.27874686
Colima,2022,1,False,56.06087744,56.06087744
Colima,2022,2,False,38.91995747,-17.14091997
Colima,2022,3,False,71.71220318,32.79224571
Colima,2022,4,False,96.85599832,25.143795139999995
Colima,2023,1,False,12.83529225,12.83529225
Colima,2023,2,False,30.35146856,17.51617631
Colima,2023,3,False,43.2148259,12.86335734
Colima,2023,4,False,56.80513759,13.59031169
Colima,2024,1,False,65.19356865,65.19356865
Colima,2024,2,False,245.3739839,180.18041525
Colima,2024,3,False,261.3715309,15.997546999999969
Colima,2024,4,False,260.9788092,-0.3927216999999814
Colima,2025,1,False,3.93887043,3.93887043
Colima,2025,2,False,275.0890428,271.15017237
Colima,2025,3,False,254.6309722,-20.458070600000013
Colima,2025,4,False,252.940895,-1.6900771999999904
Colima,2026,1,False,82.22430183,82.22430183
Durango,2018,1,False,74.42970517,74.42970517
Durango,2018,2,False,118.7330445,44.30333933
Durango,2018,3,False,73.18603487,-45.547009630000005
Durango,2018,4,False,170.3917413,97.20570643
Durango,2019,1,False,176.3794408,176.3794408
Durango,2019,2,False,168.4559474,-7.923493399999984
Durango,2019,3,False,229.8004807,61.344533299999995
Durango,2019,4,False,174.6135199,-55.18696080000001
Durango,2020,1,False,252.7459967,252.7459967
Durango,2020,2,False,512.0703988,259.32440210000004
Durango,2020,3,False,762.851741,250.78134219999993
Durango,2020,4,False,543.8784591,-218.97328189999996
Durango,2021,1,False,300.8743822,300.8743822
Durango,2021,2,False,412.0404774,111.16609519999997
Durango,2021,3,False,332.6093506,-79.43112679999996
Durango,2021,4,False,532.4734992,199.86414859999996
Durango,2022,1,False,97.12450622,97.12450622
Durango,2022,2,False,226.6047223,129.48021608
Durango,2022,3,False,320.8475806,94.24285830000002
Durango,2022,4,False,565.5418218,244.69424119999996
Durango,2023,1,False,54.22072015,54.22072015
Durango,2023,2,False,320.8765692,266.65584905000003
Durango,2023,3,False,291.6312507,-29.245318499999996
Durango,2023,4,False,377.8293061,86.19805539999999
Durango,2024,1,False,106.7115066,106.7115066
Durango,2024,2,False,134.9151989,28.2036923
Durango,2024,3,False,226.3837658,91.46856689999998
Durango,2024,4,False,230.1726851,3.7889193000000034
Durango,2025,1,False,-13.89017801,-13.89017801
Durango,2025,2,False,-58.56831313,-44.67813512
Durango,2025,3,False,-87.83402836,-29.265715230000005
Durango,2025,4,False,-15.50749244,72.32653592
Durango,2026,1,False,100.1236188,100.1236188
Estado de México,2018,1,False,899.7180557,899.7180557
Estado de México,2018,2,False,1443.572742,543.8546863
Estado de México,2018,3,False,1937.99484,494.422098
Estado de México,2018,4,False,2347.1799,409.18506
Estado de México,2019,1,False,1172.396652,1172.396652
Estado de México,2019,2,False,1405.563501,233.16684900000018
Estado de México,2019,3,False,2092.910342,687.346841
Estado de México,2019,4,False,2950.106281,857.1959389999997
Estado de México,2020,1,False,870.0965153,870.0965153
Estado de México,2020,2,False,1335.849042,465.7525267000001
Estado de México,2020,3,False,1778.089143,442.24010099999987
Estado de México,2020,4,False,2402.466762,624.3776190000001
Estado de México,2021,1,False,568.9539731,568.9539731
Estado de México,2021,2,False,620.6292182,51.675245099999984
Estado de México,2021,3,False,1058.551953,437.92273479999994
Estado de México,2021,4,False,1624.823586,566.2716330000001
Estado de México,2022,1,False,797.6403974,797.6403974
Estado de México,2022,2,False,1401.608238,603.9678406
Estado de México,2022,3,False,1629.753925,228.14568699999995
Estado de México,2022,4,False,1805.870026,176.11610100000007
Estado de México,2023,1,False,891.7105078,891.7105078
Estado de México,2023,2,False,1329.933504,438.2229962000001
Estado de México,2023,3,False,1474.408707,144.47520299999996
Estado de México,2023,4,False,1927.172459,452.76375199999984
Estado de México,2024,1,False,674.8054806,674.8054806
Estado de México,2024,2,False,1709.324524,1034.5190434
Estado de México,2024,3,False,2594.543126,885.2186019999999
Estado de México,2024,4,False,2641.656697,47.113570999999865
Estado de México,2025,1,False,1888.258297,1888.258297
Estado de México,2025,2,False,2248.791111,360.5328139999999
Estado de México,2025,3,False,3164.74875,915.9576390000002
Estado de México,2025,4,False,3279.279238,114.53048799999988
Estado de México,2026,1,False,1983.190077,1983.190077
Guanajuato,2018,1,False,579.6492158,579.6492158
Guanajuato,2018,2,False,884.8355297,305.1863139000001
Guanajuato,2018,3,False,1906.289283,1021.4537533
Guanajuato,2018,4,False,2298.949269,392.6599860000001
Guanajuato,2019,1,False,-111.2118826,-111.2118826
Guanajuato,2019,2,False,182.7405592,293.9524418
Guanajuato,2019,3,False,349.2395872,166.499028
Guanajuato,2019,4,False,828.3259399,479.08635269999996
Guanajuato,2020,1,False,46.85543146,46.85543146
Guanajuato,2020,2,False,324.5283359,277.67290444
Guanajuato,2020,3,False,490.207218,165.6788821
Guanajuato,2020,4,False,493.071582,2.8643639999999664
Guanajuato,2021,1,False,969.5886959,969.5886959
Guanajuato,2021,2,False,1016.09211,46.5034141000001
Guanajuato,2021,3,False,1639.268692,623.176582
Guanajuato,2021,4,False,1744.718866,105.45017399999983
Guanajuato,2022,1,False,638.8149377,638.8149377
Guanajuato,2022,2,False,1112.146387,473.33144930000003
Guanajuato,2022,3,False,1677.973761,565.827374
Guanajuato,2022,4,False,1564.4993,-113.47446100000002
Guanajuato,2023,1,False,491.8499435,491.8499435
Guanajuato,2023,2,False,891.2186043,399.36866080000004
Guanajuato,2023,3,False,962.8515982,71.63299389999997
Guanajuato,2023,4,False,808.2035625,-154.64803570000004
Guanajuato,2024,1,False,596.7792253,596.7792253
Guanajuato,2024,2,False,1351.015054,754.2358287
Guanajuato,2024,3,False,1671.227836,320.21278200000006
Guanajuato,2024,4,False,1442.378961,-228.84887500000013
Guanajuato,2025,1,False,700.4698456,700.4698456
Guanajuato,2025,2,False,870.6576199,170.1877743
Guanajuato,2025,3,False,1084.157544,213.49992409999993
Guanajuato,2025,4,False,774.2571372,-309.9004067999999
Guanajuato,2026,1,False,420.1540383,420.1540383
Guerrero,2018,1,False,47.57339233,47.57339233
Guerrero,2018,2,False,76.48967904,28.91628671
Guerrero,2018,3,False,441.8252207,365.33554166
Guerrero,2018,4,False,399.6632842,-42.16193649999997
Guerrero,2019,1,False,185.6159975,185.6159975
Guerrero,2019,2,False,193.7041066,8.088109099999997
Guerrero,2019,3,False,230.2817998,36.5776932
Guerrero,2019,4,False,274.7410621,44.459262300000034
Guerrero,2020,1,False,202.8875984,202.8875984
Guerrero,2020,2,False,219.2513958,16.36379740000001
Guerrero,2020,3,False,291.4527385,72.2013427
Guerrero,2020,4,False,296.1247641,4.672025599999984
Guerrero,2021,1,False,98.33305991,98.33305991
Guerrero,2021,2,False,229.5054244,131.17236449
Guerrero,2021,3,False,504.9182324,275.41280800000004
Guerrero,2021,4,False,667.7353066,162.81707419999992
Guerrero,2022,1,False,73.60380423,73.60380423
Guerrero,2022,2,False,133.8232693,60.21946507
Guerrero,2022,3,False,193.9687444,60.1454751
Guerrero,2022,4,False,245.4533851,51.4846407
Guerrero,2023,1,False,49.41206115,49.41206115
Guerrero,2023,2,False,61.49717678,12.085115629999997
Guerrero,2023,3,False,37.47881575,-24.018361029999994
Guerrero,2023,4,False,-179.3332358,-216.81205155
Guerrero,2024,1,False,12.23876595,12.23876595
Guerrero,2024,2,False,42.26662304,30.027857089999998
Guerrero,2024,3,False,18.35243327,-23.91418977
Guerrero,2024,4,False,50.44098993,32.08855666
Guerrero,2025,1,False,-15.55412347,-15.55412347
Guerrero,2025,2,False,37.04458035,52.59870382
Guerrero,2025,3,False,96.11340358,59.06882323
Guerrero,2025,4,False,85.11952661,-10.993876970000002
Guerrero,2026,1,False,-86.04644427,-86.04644427
Hidalgo,2018,1,False,97.75608465,97.75608465
Hidalgo,2018,2,False,170.677905,72.92182035
Hidalgo,2018,3,False,124.2003277,-46.47757730000001
Hidalgo,2018,4,False,148.4982681,24.297940399999987
Hidalgo,2019,1,False,115.5317131,115.5317131
Hidalgo,2019,2,False,170.4358147,54.904101600000004
Hidalgo,2019,3,False,213.0707174,42.6349027
Hidalgo,2019,4,False,286.3480214,73.27730399999999
Hidalgo,2020,1,False,58.69558525,58.69558525
Hidalgo,2020,2,False,197.7722793,139.07669405000001
Hidalgo,2020,3,False,232.1378647,34.365585399999986
Hidalgo,2020,4,False,275.9174663,43.77960160000001
Hidalgo,2021,1,False,52.46357506,52.46357506
Hidalgo,2021,2,False,65.69595134,13.232376279999997
Hidalgo,2021,3,False,133.7271305,68.03117916
Hidalgo,2021,4,False,132.0632192,-1.6639112999999952
Hidalgo,2022,1,False,154.778634,154.778634
Hidalgo,2022,2,False,284.6392657,129.8606317
Hidalgo,2022,3,False,408.0419756,123.40270989999999
Hidalgo,2022,4,False,410.5317735,2.489797899999985
Hidalgo,2023,1,False,156.6169624,156.6169624
Hidalgo,2023,2,False,220.6882166,64.0712542
Hidalgo,2023,3,False,214.7611073,-5.927109300000012
Hidalgo,2023,4,False,285.4341569,70.67304960000001
Hidalgo,2024,1,False,136.2877936,136.2877936
Hidalgo,2024,2,False,210.8998216,74.61202800000001
Hidalgo,2024,3,False,282.9157208,72.01589919999998
Hidalgo,2024,4,False,295.9687847,13.05306390000004
Hidalgo,2025,1,False,68.94638141,68.94638141
Hidalgo,2025,2,False,73.6285694,4.682187990000003
Hidalgo,2025,3,False,68.29395667,-5.3346127300000035
Hidalgo,2025,4,False,193.6972209,125.40326422999999
Hidalgo,2026,1,False,135.1504441,135.1504441
Jalisco,2018,1,False,378.4111815,378.4111815
Jalisco,2018,2,False,521.4718474,143.0606659
Jalisco,2018,3,False,713.0970143,191.62516689999995
Jalisco,2018,4,False,842.6272487,129.53023440000004
Jalisco,2019,1,False,518.5316043,518.5316043
Jalisco,2019,2,False,1098.591459,580.0598547
Jalisco,2019,3,False,1292.048746,193.45728699999995
Jalisco,2019,4,False,1554.852544,262.80379800000014
Jalisco,2020,1,False,880.6869262,880.6869262
Jalisco,2020,2,False,1542.681281,661.9943547999999
Jalisco,2020,3,False,1842.940389,300.2591080000002
Jalisco,2020,4,False,2151.964946,309.02455699999996
Jalisco,2021,1,False,637.7574267,637.7574267
Jalisco,2021,2,False,874.7203962,236.96296949999999
Jalisco,2021,3,False,1192.310705,317.5903088000001
Jalisco,2021,4,False,2098.312766,906.0020609999999
Jalisco,2022,1,False,1318.943579,1318.943579
Jalisco,2022,2,False,1904.577653,585.634074
Jalisco,2022,3,False,2396.121976,491.54432299999985
Jalisco,2022,4,False,2894.899946,498.7779700000001
Jalisco,2023,1,False,1179.027304,1179.027304
Jalisco,2023,2,False,1390.484143,211.45683899999995
Jalisco,2023,3,False,1355.18614,-35.29800299999988
Jalisco,2023,4,False,2027.834235,672.648095
Jalisco,2024,1,False,593.3560341,593.3560341
Jalisco,2024,2,False,892.9749245,299.61889040000005
Jalisco,2024,3,False,1160.973423,267.99849849999987
Jalisco,2024,4,False,1100.30241,-60.6710129999999
Jalisco,2025,1,False,606.8724411,606.8724411
Jalisco,2025,2,False,933.0051158,326.13267470000005
Jalisco,2025,3,False,902.1591362,-30.845979599999964
Jalisco,2025,4,False,1256.224776,354.0656398
Jalisco,2026,1,False,722.9560992,722.9560992
Michoacán,2018,1,False,101.0657792,101.0657792
Michoacán,2018,2,False,136.5485606,35.48278140000001
Michoacán,2018,3,False,141.2277438,4.679183200000011
Michoacán,2018,4,False,427.2471141,286.0193703
Michoacán,2019,1,False,106.8319059,106.8319059
Michoacán,2019,2,False,153.9362616,47.1043557
Michoacán,2019,3,False,161.8846439,7.948382299999992
Michoacán,2019,4,False,315.0811195,153.1964756
Michoacán,2020,1,False,138.4621358,138.4621358
Michoacán,2020,2,False,161.0017755,22.53963970000001
Michoacán,2020,3,False,228.5914354,67.58965989999999
Michoacán,2020,4,False,289.1034552,60.51201979999999
Michoacán,2021,1,False,964.1972458,964.1972458
Michoacán,2021,2,False,992.9080247,28.710778900000037
Michoacán,2021,3,False,1002.915738,10.007713299999978
Michoacán,2021,4,False,1032.170376,29.254638
Michoacán,2022,1,False,108.52059,108.52059
Michoacán,2022,2,False,135.6168699,27.096279900000013
Michoacán,2022,3,False,145.7149318,10.098061899999976
Michoacán,2022,4,False,165.7033533,19.988421500000015
Michoacán,2023,1,False,195.4150258,195.4150258
Michoacán,2023,2,False,233.4473169,38.03229110000001
Michoacán,2023,3,False,194.9501318,-38.497185099999996
Michoacán,2023,4,False,198.3840751,3.4339432999999815
Michoacán,2024,1,False,167.544687,167.544687
Michoacán,2024,2,False,201.2535414,33.70885439999998
Michoacán,2024,3,False,174.6403051,-26.613236299999983
Michoacán,2024,4,False,110.5571589,-64.0831462
Michoacán,2025,1,False,106.332658,106.332658
Michoacán,2025,2,False,161.4103687,55.0777107
Michoacán,2025,3,False,159.1955587,-2.21481
Michoacán,2025,4,False,178.7673931,19.5718344
Michoacán,2026,1,False,278.6488402,278.6488402
Morelos,2018,1,False,57.53842672,57.53842672
Morelos,2018,2,False,220.0465503,162.50812358000002
Morelos,2018,3,False,183.5495592,-36.4969911
Morelos,2018,4,False,254.5073655,70.95780629999999
Morelos,2019,1,False,68.43933135,68.43933135
Morelos,2019,2,False,440.571267,372.13193564999995
Morelos,2019,3,False,498.7648194,58.193552400000044
Morelos,2019,4,False,653.6285892,154.86376979999994
Morelos,2020,1,False,98.91255619,98.91255619
Morelos,2020,2,False,62.92930486,-35.98325133
Morelos,2020,3,False,123.0491208,60.119815939999995
Morelos,2020,4,False,384.2289973,261.1798765
Morelos,2021,1,False,59.74130163,59.74130163
Morelos,2021,2,False,127.6393566,67.89805497
Morelos,2021,3,False,188.2259897,60.586633100000014
Morelos,2021,4,False,93.13349908,-95.09249062
Morelos,2022,1,False,45.51793939,45.51793939
Morelos,2022,2,False,45.20028179,-0.317657600000004
Morelos,2022,3,False,31.01910434,-14.18117745
Morelos,2022,4,False,89.79031031,58.77120597
Morelos,2023,1,False,144.0491134,144.0491134
Morelos,2023,2,False,157.4138833,13.364769899999999
Morelos,2023,3,False,164.090033,6.676149699999996
Morelos,2023,4,False,195.5141342,31.424101199999996
Morelos,2024,1,False,-42.1972485,-42.1972485
Morelos,2024,2,False,148.3961561,190.5934046
Morelos,2024,3,False,152.3338976,3.937741499999987
Morelos,2024,4,False,160.5471071,8.213209500000005
Morelos,2025,1,False,5.36801689,5.36801689
Morelos,2025,2,False,116.8492519,111.48123501
Morelos,2025,3,False,59.31377954,-57.53547236
Morelos,2025,4,False,168.2635139,108.94973436
Morelos,2026,1,False,47.47272789,47.47272789
Nayarit,2018,1,False,29.53401794,29.53401794
Nayarit,2018,2,False,38.61891038,9.084892440000004
Nayarit,2018,3,False,67.52362089,28.90471051
Nayarit,2018,4,False,94.85988174,27.336260850000002
Nayarit,2019,1,False,47.18628569,47.18628569
Nayarit,2019,2,False,59.50718341,12.320897720000005
Nayarit,2019,3,False,99.23750016,39.73031674999999
Nayarit,2019,4,False,165.4191435,66.18164334
Nayarit,2020,1,False,41.76107454,41.76107454
Nayarit,2020,2,False,639.7652438,598.00416926
Nayarit,2020,3,False,765.5257376,125.76049379999995
Nayarit,2020,4,False,801.495271,35.969533400000046
Nayarit,2021,1,False,70.59615227,70.59615227
Nayarit,2021,2,False,122.583846,51.98769372999999
Nayarit,2021,3,False,171.7182473,49.13440130000001
Nayarit,2021,4,False,242.2376164,70.5193691
Nayarit,2022,1,False,199.2212083,199.2212083
Nayarit,2022,2,False,378.8095875,179.58837920000002
Nayarit,2022,3,False,410.4051061,31.59551859999999
Nayarit,2022,4,False,452.016501,41.61139489999999
Nayarit,2023,1,False,49.35663045,49.35663045
Nayarit,2023,2,False,121.9565646,72.59993415
Nayarit,2023,3,False,269.1043732,147.14780860000002
Nayarit,2023,4,False,309.7047691,40.600395900000024
Nayarit,2024,1,False,11.36730734,11.36730734
Nayarit,2024,2,False,183.3387524,171.97144506
Nayarit,2024,3,False,317.3605112,134.02175880000001
Nayarit,2024,4,False,363.4808495,46.12033829999996
Nayarit,2025,1,False,45.88752044,45.88752044
Nayarit,2025,2,False,129.6349976,83.74747715999999
Nayarit,2025,3,False,166.4226046,36.78760700000001
Nayarit,2025,4,False,379.9792454,213.55664080000003
Nayarit,2026,1,False,126.4180082,126.4180082
Nuevo León,2018,1,False,1034.859197,1034.859197
Nuevo León,2018,2,False,1724.103803,689.244606
Nuevo León,2018,3,False,3214.295325,1490.191522
Nuevo León,2018,4,False,4260.460414,1046.165089
Nuevo León,2019,1,False,1184.945837,1184.945837
Nuevo León,2019,2,False,1171.112556,-13.833280999999943
Nuevo León,2019,3,False,2753.075459,1581.962903
Nuevo León,2019,4,False,3129.089527,376.01406799999995
Nuevo León,2020,1,False,1143.137802,1143.137802
Nuevo León,2020,2,False,1922.550609,779.4128069999999
Nuevo León,2020,3,False,2485.278361,562.7277520000002
Nuevo León,2020,4,False,3366.462024,881.1836629999998
Nuevo León,2021,1,False,1015.184652,1015.184652
Nuevo León,2021,2,False,1454.802434,439.6177819999999
Nuevo León,2021,3,False,2322.721898,867.9194639999998
Nuevo León,2021,4,False,4026.156244,1703.434346
Nuevo León,2022,1,False,1105.793714,1105.793714
Nuevo León,2022,2,False,2661.277936,1555.484222
Nuevo León,2022,3,False,2805.214931,143.93699500000002
Nuevo León,2022,4,False,4397.280158,1592.0652269999996
Nuevo León,2023,1,False,2332.19098,2332.19098
Nuevo León,2023,2,False,2794.85672,462.66574000000037
Nuevo León,2023,3,False,2827.554072,32.69735199999968
Nuevo León,2023,4,False,2537.47882,-290.0752520000001
Nuevo León,2024,1,False,1350.721627,1350.721627
Nuevo León,2024,2,False,2304.246096,953.524469
Nuevo León,2024,3,False,1582.361243,-721.8848529999998
Nuevo León,2024,4,False,2098.2457,515.8844569999999
Nuevo León,2025,1,False,2674.179768,2674.179768
Nuevo León,2025,2,False,3032.24124,358.06147199999987
Nuevo León,2025,3,False,4150.726991,1118.4857510000006
Nuevo León,2025,4,False,3627.597761,-523.1292300000005
Nuevo León,2026,1,False,1956.467033,1956.467033
Oaxaca,2018,1,False,77.80290366,77.80290366
Oaxaca,2018,2,False,129.6021921,51.79928844
Oaxaca,2018,3,False,104.2025866,-25.399605499999993
Oaxaca,2018,4,False,426.4849498,322.28236319999996
Oaxaca,2019,1,False,120.7686395,120.7686395
Oaxaca,2019,2,False,110.3800406,-10.388598900000005
Oaxaca,2019,3,False,-10.34893454,-120.72897514
Oaxaca,2019,4,False,56.04323453,66.39216907
Oaxaca,2020,1,False,184.2084386,184.2084386
Oaxaca,2020,2,False,242.9426853,58.7342467
Oaxaca,2020,3,False,263.0006869,20.05800160000001
Oaxaca,2020,4,False,260.5297643,-2.4709225999999944
Oaxaca,2021,1,False,146.245106,146.245106
Oaxaca,2021,2,False,99.21897631,-47.02612968999999
Oaxaca,2021,3,False,97.27975224,-1.9392240700000087
Oaxaca,2021,4,False,-109.0477955,-206.32754774
Oaxaca,2022,1,False,136.9174617,136.9174617
Oaxaca,2022,2,False,166.8613711,29.943909400000024
Oaxaca,2022,3,False,202.7438637,35.88249259999998
Oaxaca,2022,4,False,151.1339605,-51.60990319999999
Oaxaca,2023,1,False,44.08747725,44.08747725
Oaxaca,2023,2,False,49.42679696,5.339319709999998
Oaxaca,2023,3,False,43.04969686,-6.3771001
Oaxaca,2023,4,False,49.92091459,6.871217730000005
Oaxaca,2024,1,False,6.7811346,6.7811346
Oaxaca,2024,2,False,63.48258465,56.70145005
Oaxaca,2024,3,False,79.60488955,16.122304899999996
Oaxaca,2024,4,False,82.04695498,2.4420654299999995
Oaxaca,2025,1,False,-0.62432353,-0.62432353
Oaxaca,2025,2,False,-14.10391189,-13.47958836
Oaxaca,2025,3,False,-7.63841258,6.465499309999999
Oaxaca,2025,4,False,5.60915713,13.24756971
Oaxaca,2026,1,False,47.77587973,47.77587973
Puebla,2018,1,False,257.4565334,257.4565334
Puebla,2018,2,False,426.4953786,169.03884519999997
Puebla,2018,3,False,564.7740812,138.27870259999997
Puebla,2018,4,False,594.689598,29.91551680000009
Puebla,2019,1,False,311.030541,311.030541
Puebla,2019,2,False,853.6749398,542.6443987999999
Puebla,2019,3,False,1390.822641,537.1477012
Puebla,2019,4,False,1839.765102,448.9424610000001
Puebla,2020,1,False,459.9882084,459.9882084
Puebla,2020,2,False,544.8946227,84.9064143
Puebla,2020,3,False,535.204763,-9.689859700000056
Puebla,2020,4,False,591.1133207,55.908557700000074
Puebla,2021,1,False,36.92527113,36.92527113
Puebla,2021,2,False,207.7472314,170.82196027
Puebla,2021,3,False,450.3467275,242.59949609999998
Puebla,2021,4,False,446.8546835,-3.4920439999999644
Puebla,2022,1,False,354.1305584,354.1305584
Puebla,2022,2,False,613.9714596,259.8409012
Puebla,2022,3,False,731.592012,117.62055239999995
Puebla,2022,4,False,798.1216482,66.52963620000003
Puebla,2023,1,False,920.0986417,920.0986417
Puebla,2023,2,False,1002.302042,82.2034003
Puebla,2023,3,False,1021.562787,19.26074499999993
Puebla,2023,4,False,269.8287947,-751.7339923
Puebla,2024,1,False,362.4627083,362.4627083
Puebla,2024,2,False,933.350628,570.8879197000001
Puebla,2024,3,False,1113.159889,179.809261
Puebla,2024,4,False,1168.414501,55.25461199999995
Puebla,2025,1,False,384.4451521,384.4451521
Puebla,2025,2,False,107.3176567,-277.1274954
Puebla,2025,3,False,384.8335237,277.515867
Puebla,2025,4,False,453.3815775,68.54805379999999
Puebla,2026,1,False,663.8390414,663.8390414
Querétaro,2018,1,False,388.3240609,388.3240609
Querétaro,2018,2,False,666.4424473,278.1183864
Querétaro,2018,3,False,743.5515897,77.1091424
Querétaro,2018,4,False,1067.722741,324.1711513
Querétaro,2019,1,False,317.4184534,317.4184534
Querétaro,2019,2,False,576.7200837,259.30163030000006
Querétaro,2019,3,False,887.116398,310.3963143
Querétaro,2019,4,False,1203.341507,316.2251090000001
Querétaro,2020,1,False,404.4340819,404.4340819
Querétaro,2020,2,False,616.7941245,212.36004259999993
Querétaro,2020,3,False,744.3948667,127.60074220000001
Querétaro,2020,4,False,845.7263272,101.33146050000005
Querétaro,2021,1,False,271.0252719,271.0252719
Querétaro,2021,2,False,341.7705473,70.74527539999997
Querétaro,2021,3,False,595.4662338,253.69568650000008
Querétaro,2021,4,False,817.3641063,221.89787249999995
Querétaro,2022,1,False,506.6069682,506.6069682
Querétaro,2022,2,False,654.790194,148.18322580000006
Querétaro,2022,3,False,764.9454306,110.15523659999997
Querétaro,2022,4,False,753.1948687,-11.75056189999998
Querétaro,2023,1,False,379.5096977,379.5096977
Querétaro,2023,2,False,499.9561207,120.44642299999998
Querétaro,2023,3,False,617.1496118,117.19349110000002
Querétaro,2023,4,False,1107.078504,489.92889220000006
Querétaro,2024,1,False,489.3142179,489.3142179
Querétaro,2024,2,False,878.6282903,389.3140724
Querétaro,2024,3,False,994.4830784,115.85478809999995
Querétaro,2024,4,False,1055.148829,60.665750600000024
Querétaro,2025,1,False,302.0130013,302.0130013
Querétaro,2025,2,False,970.2840286,668.2710273
Querétaro,2025,3,False,956.56584,-13.718188600000076
Querétaro,2025,4,False,516.1803756,-440.38546439999993
Querétaro,2026,1,False,456.2978081,456.2978081
Quintana Roo,2018,1,False,76.20001277,76.20001277
Quintana Roo,2018,2,False,129.3244292,53.12441643
Quintana Roo,2018,3,False,188.4597005,59.1352713
Quintana Roo,2018,4,False,274.5903611,86.1306606
Quintana Roo,2019,1,False,111.6427815,111.6427815
Quintana Roo,2019,2,False,309.3202771,197.6774956
Quintana Roo,2019,3,False,461.31248,151.9922029
Quintana Roo,2019,4,False,620.2100021,158.8975221
Quintana Roo,2020,1,False,-73.15524299,-73.15524299
Quintana Roo,2020,2,False,1.68142201,74.83666500000001
Quintana Roo,2020,3,False,125.0313596,123.34993759
Quintana Roo,2020,4,False,119.5976961,-5.433663500000009
Quintana Roo,2021,1,False,90.97688263,90.97688263
Quintana Roo,2021,2,False,164.5953297,73.61844707
Quintana Roo,2021,3,False,226.1944157,61.599086
Quintana Roo,2021,4,False,289.127365,62.93294929999999
Quintana Roo,2022,1,False,228.360073,228.360073
Quintana Roo,2022,2,False,297.389748,69.029675
Quintana Roo,2022,3,False,380.6234927,83.23374469999999
Quintana Roo,2022,4,False,416.2157082,35.59221550000001
Quintana Roo,2023,1,False,129.2152407,129.2152407
Quintana Roo,2023,2,False,496.6127253,367.3974846
Quintana Roo,2023,3,False,736.3826227,239.76989739999993
Quintana Roo,2023,4,False,985.1222879,248.7396652
Quintana Roo,2024,1,False,82.90759301,82.90759301
Quintana Roo,2024,2,False,578.9732714,496.06567839
Quintana Roo,2024,3,False,841.1582709,262.1849995
Quintana Roo,2024,4,False,921.3265018,80.16823089999991
Quintana Roo,2025,1,False,289.5798549,289.5798549
Quintana Roo,2025,2,False,509.0997249,219.51987000000003
Quintana Roo,2025,3,False,760.206911,251.10718609999998
Quintana Roo,2025,4,False,1064.41116,304.2042490000001
Quintana Roo,2026,1,False,196.5401456,196.5401456
San Luis Potosí,2018,1,False,142.0351545,142.0351545
San Luis Potosí,2018,2,False,515.4167088,373.38155430000006
San Luis Potosí,2018,3,False,926.36812,410.95141119999994
San Luis Potosí,2018,4,False,1342.907927,416.539807
San Luis Potosí,2019,1,False,14.67063611,14.67063611
San Luis Potosí,2019,2,False,265.0603502,250.38971409
San Luis Potosí,2019,3,False,531.7022405,266.6418903
San Luis Potosí,2019,4,False,709.7124236,178.01018309999995
San Luis Potosí,2020,1,False,215.8700717,215.8700717
San Luis Potosí,2020,2,False,883.282893,667.4128212999999
San Luis Potosí,2020,3,False,917.6029924,34.320099400000004
San Luis Potosí,2020,4,False,1168.247044,250.6440516
San Luis Potosí,2021,1,False,608.1233477,608.1233477
San Luis Potosí,2021,2,False,662.9706337,54.847286000000054
San Luis Potosí,2021,3,False,888.0992201,225.12858640000002
San Luis Potosí,2021,4,False,686.4085746,-201.69064550000007
San Luis Potosí,2022,1,False,268.1638512,268.1638512
San Luis Potosí,2022,2,False,557.6731582,289.509307
San Luis Potosí,2022,3,False,864.3639185,306.69076029999997
San Luis Potosí,2022,4,False,376.4348031,-487.92911539999994
San Luis Potosí,2023,1,False,374.9025809,374.9025809
San Luis Potosí,2023,2,False,1211.753659,836.8510781
San Luis Potosí,2023,3,False,1408.181434,196.4277750000001
San Luis Potosí,2023,4,False,1115.658461,-292.5229730000001
San Luis Potosí,2024,1,False,663.5655104,663.5655104
San Luis Potosí,2024,2,False,1064.234274,400.6687635999999
San Luis Potosí,2024,3,False,984.4771643,-79.75710969999989
San Luis Potosí,2024,4,False,843.6826334,-140.79453090000004
San Luis Potosí,2025,1,False,125.7145554,125.7145554
San Luis Potosí,2025,2,False,223.0252366,97.3106812
San Luis Potosí,2025,3,False,378.0925692,155.06733260000001
San Luis Potosí,2025,4,False,263.3647292,-114.72784000000001
San Luis Potosí,2026,1,False,493.9538332,493.9538332
Sinaloa,2018,1,False,136.9976568,136.9976568
Sinaloa,2018,2,False,454.173197,317.1755402
Sinaloa,2018,3,False,359.0029688,-95.1702282
Sinaloa,2018,4,False,399.0924015,40.089432699999975
Sinaloa,2019,1,False,140.203647,140.203647
Sinaloa,2019,2,False,147.8591608,7.655513800000023
Sinaloa,2019,3,False,180.644041,32.784880199999975
Sinaloa,2019,4,False,247.4146996,66.77065860000002
Sinaloa,2020,1,False,101.1543473,101.1543473
Sinaloa,2020,2,False,660.9737993,559.819452
Sinaloa,2020,3,False,731.7554596,70.7816603
Sinaloa,2020,4,False,737.4122632,5.656803599999989
Sinaloa,2021,1,False,74.87809696,74.87809696
Sinaloa,2021,2,False,180.2938487,105.41575174000002
Sinaloa,2021,3,False,336.7895113,156.4956626
Sinaloa,2021,4,False,373.5724678,36.78295650000001
Sinaloa,2022,1,False,281.1373143,281.1373143
Sinaloa,2022,2,False,524.4391511,243.3018368
Sinaloa,2022,3,False,721.7891427,197.34999159999995
Sinaloa,2022,4,False,866.9475406,145.15839790000007
Sinaloa,2023,1,False,107.8951311,107.8951311
Sinaloa,2023,2,False,192.7798378,84.8847067
Sinaloa,2023,3,False,407.7049615,214.92512370000003
Sinaloa,2023,4,False,415.4131362,7.708174699999972
Sinaloa,2024,1,False,141.7585613,141.7585613
Sinaloa,2024,2,False,262.8427803,121.08421900000002
Sinaloa,2024,3,False,283.1375286,20.29474829999998
Sinaloa,2024,4,False,316.1079074,32.97037879999999
Sinaloa,2025,1,False,17.37021174,17.37021174
Sinaloa,2025,2,False,34.34862888,16.97841714
Sinaloa,2025,3,False,1.59691852,-32.75171036
Sinaloa,2025,4,False,20.84668866,19.249770140000003
Sinaloa,2026,1,False,125.8278356,125.8278356
Sonora,2018,1,False,416.8199135,416.8199135
Sonora,2018,2,False,606.8431521,190.0232386
Sonora,2018,3,False,255.2379071,-351.60524499999997
Sonora,2018,4,False,80.83746031,-174.40044679
Sonora,2019,1,False,265.625186,265.625186
Sonora,2019,2,False,434.1080108,168.4828248
Sonora,2019,3,False,380.5222359,-53.58577489999999
Sonora,2019,4,False,403.1269668,22.604730899999993
Sonora,2020,1,False,188.0112315,188.0112315
Sonora,2020,2,False,295.8316302,107.8203987
Sonora,2020,3,False,352.3555241,56.52389390000002
Sonora,2020,4,False,578.4036142,226.04809009999997
Sonora,2021,1,False,495.4385143,495.4385143
Sonora,2021,2,False,911.9259293,416.487415
Sonora,2021,3,False,886.3227431,-25.603186199999982
Sonora,2021,4,False,920.954003,34.63125989999992
Sonora,2022,1,False,347.3756928,347.3756928
Sonora,2022,2,False,484.2431836,136.86749079999998
Sonora,2022,3,False,476.4780705,-7.765113100000008
Sonora,2022,4,False,458.9029856,-17.57508489999998
Sonora,2023,1,False,386.9266668,386.9266668
Sonora,2023,2,False,491.2377722,104.31110539999997
Sonora,2023,3,False,2538.711559,2047.4737867999997
Sonora,2023,4,False,2706.320273,167.60871399999996
Sonora,2024,1,False,63.86277212,63.86277212
Sonora,2024,2,False,105.0031042,41.14033207999999
Sonora,2024,3,False,213.1960507,108.1929465
Sonora,2024,4,False,305.4024618,92.20641110000003
Sonora,2025,1,False,3.92092439,3.92092439
Sonora,2025,2,False,162.04941,158.12848560999998
Sonora,2025,3,False,87.63109843,-74.41831157
Sonora,2025,4,False,203.6369585,116.00586007
Sonora,2026,1,False,246.0497458,246.0497458
Tabasco,2018,1,False,185.5080298,185.5080298
Tabasco,2018,2,False,218.1575261,32.64949630000001
Tabasco,2018,3,False,223.4485862,5.2910600999999815
Tabasco,2018,4,False,524.9740075,301.52542129999995
Tabasco,2019,1,False,302.2636529,302.2636529
Tabasco,2019,2,False,343.7395081,41.47585520000001
Tabasco,2019,3,False,425.9999985,82.26049039999998
Tabasco,2019,4,False,491.5559862,65.5559877
Tabasco,2020,1,False,75.69792778,75.69792778
Tabasco,2020,2,False,291.9264156,216.22848782
Tabasco,2020,3,False,329.8586457,37.93223010000003
Tabasco,2020,4,False,460.6380085,130.7793628
Tabasco,2021,1,False,117.6044758,117.6044758
Tabasco,2021,2,False,169.0348771,51.430401299999986
Tabasco,2021,3,False,227.034905,58.00002790000002
Tabasco,2021,4,False,299.7697769,72.7348719
Tabasco,2022,1,False,136.8554231,136.8554231
Tabasco,2022,2,False,104.0790246,-32.7763985
Tabasco,2022,3,False,176.8581788,72.7791542
Tabasco,2022,4,False,21.92179592,-154.93638288
Tabasco,2023,1,False,66.26170423,66.26170423
Tabasco,2023,2,False,-22.54183682,-88.80354105
Tabasco,2023,3,False,122.6846081,145.22644492
Tabasco,2023,4,False,317.7974278,195.1128197
Tabasco,2024,1,False,48.07141389,48.07141389
Tabasco,2024,2,False,390.8937523,342.82233841000004
Tabasco,2024,3,False,363.6096466,-27.284105699999998
Tabasco,2024,4,False,384.1921018,20.58245519999997
Tabasco,2025,1,False,-49.52822912,-49.52822912
Tabasco,2025,2,False,-69.2199715,-19.69174238
Tabasco,2025,3,False,86.71043192,155.93040342
Tabasco,2025,4,False,-42.64567099,-129.35610291
Tabasco,2026,1,False,162.8571019,162.8571019
Tamaulipas,2018,1,False,380.2458682,380.2458682
Tamaulipas,2018,2,False,701.9488723,321.70300409999993
Tamaulipas,2018,3,False,890.1583433,188.209471
Tamaulipas,2018,4,False,1371.849539,481.6911957000001
Tamaulipas,2019,1,False,228.094534,228.094534
Tamaulipas,2019,2,False,430.7760708,202.6815368
Tamaulipas,2019,3,False,1255.789019,825.0129482
Tamaulipas,2019,4,False,1607.081424,351.2924049999999
Tamaulipas,2020,1,False,467.2523668,467.2523668
Tamaulipas,2020,2,False,386.558813,-80.69355380000002
Tamaulipas,2020,3,False,689.7541482,303.19533520000005
Tamaulipas,2020,4,False,688.0719549,-1.6821932999999945
Tamaulipas,2021,1,False,399.0794352,399.0794352
Tamaulipas,2021,2,False,601.966805,202.88736980000004
Tamaulipas,2021,3,False,1123.232933,521.266128
Tamaulipas,2021,4,False,1336.192012,212.95907899999997
Tamaulipas,2022,1,False,881.2441448,881.2441448
Tamaulipas,2022,2,False,1151.529352,270.28520720000006
Tamaulipas,2022,3,False,833.9511675,-317.5781845
Tamaulipas,2022,4,False,982.4733117,148.52214419999996
Tamaulipas,2023,1,False,226.6019153,226.6019153
Tamaulipas,2023,2,False,323.9299448,97.32802949999999
Tamaulipas,2023,3,False,370.3269315,46.396986700000014
Tamaulipas,2023,4,False,493.7515882,123.42465670000001
Tamaulipas,2024,1,False,104.1051078,104.1051078
Tamaulipas,2024,2,False,341.6891778,237.58407
Tamaulipas,2024,3,False,317.2744388,-24.414738999999997
Tamaulipas,2024,4,False,463.0445377,145.7700989
Tamaulipas,2025,1,False,232.2533884,232.2533884
Tamaulipas,2025,2,False,457.2042203,224.95083189999997
Tamaulipas,2025,3,False,465.8083599,8.604139600000053
Tamaulipas,2025,4,False,59.12069196,-406.68766794000004
Tamaulipas,2026,1,False,222.7432959,222.7432959
Tlaxcala,2018,1,False,79.86736897,79.86736897
Tlaxcala,2018,2,False,104.1185994,24.251230429999993
Tlaxcala,2018,3,False,91.33131063,-12.78728876999999
Tlaxcala,2018,4,False,100.9092513,9.57794066999999
Tlaxcala,2019,1,False,96.80565623,96.80565623
Tlaxcala,2019,2,False,102.999997,6.194340769999997
Tlaxcala,2019,3,False,293.2790319,190.2790349
Tlaxcala,2019,4,False,344.4334245,51.154392599999994
Tlaxcala,2020,1,False,59.12239565,59.12239565
Tlaxcala,2020,2,False,315.2717619,256.14936625
Tlaxcala,2020,3,False,320.452025,5.180263099999991
Tlaxcala,2020,4,False,360.4657866,40.01376160000001
Tlaxcala,2021,1,False,50.84406261,50.84406261
Tlaxcala,2021,2,False,74.04223818,23.198175569999997
Tlaxcala,2021,3,False,89.32515081,15.282912629999998
Tlaxcala,2021,4,False,45.03710336,-44.28804744999999
Tlaxcala,2022,1,False,38.41210117,38.41210117
Tlaxcala,2022,2,False,120.2370462,81.82494503
Tlaxcala,2022,3,False,164.304811,44.067764800000006
Tlaxcala,2022,4,False,275.5436694,111.2388584
Tlaxcala,2023,1,False,176.0586427,176.0586427
Tlaxcala,2023,2,False,229.7396349,53.68099219999999
Tlaxcala,2023,3,False,224.7363989,-5.003235999999987
Tlaxcala,2023,4,False,311.3567795,86.6203806
Tlaxcala,2024,1,False,33.33748029,33.33748029
Tlaxcala,2024,2,False,69.66625764,36.328777349999996
Tlaxcala,2024,3,False,77.01478819,7.348530550000007
Tlaxcala,2024,4,False,94.16264017,17.14785198
Tlaxcala,2025,1,False,34.24087735,34.24087735
Tlaxcala,2025,2,False,105.9040325,71.66315515
Tlaxcala,2025,3,False,110.7882704,4.884237900000002
Tlaxcala,2025,4,False,68.31241635,-42.475854049999995
Tlaxcala,2026,1,False,90.36907518,90.36907518
Total general,2018,1,False,9502.38793,9502.38793
Total general,2018,2,False,17842.3133,8339.92537
Total general,2018,3,False,24133.97943,6291.666129999998
Total general,2018,4,False,31604.29418,7470.314750000001
Total general,2019,1,False,10161.95821,10161.95821
Total general,2019,2,False,18102.45,7940.49179
Total general,2019,3,False,26055.60837,7953.158370000001
Total general,2019,4,False,32921.23555,6865.627179999996
Total general,2020,1,False,10334.03857,10334.03857
Total general,2020,2,False,17969.26465,7635.22608
Total general,2020,3,False,23482.31884,5513.054189999999
Total general,2020,4,False,29079.43309,5597.114249999999
Total general,2021,1,False,11864.03046,11864.03046
Total general,2021,2,False,18433.46954,6569.439079999998
Total general,2021,3,False,24831.72427,6398.254730000001
Total general,2021,4,False,31621.20435,6789.480080000001
Total general,2022,1,False,19427.45779,19427.45779
Total general,2022,2,False,27511.62373,8084.165939999999
Total general,2022,3,False,32147.38886,4635.76513
Total general,2022,4,False,35291.61836,3144.2295000000013
Total general,2023,1,False,18635.69179,18635.69179
Total general,2023,2,False,29040.82387,10405.13208
Total general,2023,3,False,32926.4368,3885.612930000003
Total general,2023,4,False,36058.04378,3131.606979999997
Total general,2024,1,False,20312.65875,20312.65875
Total general,2024,2,False,31096.32511,10783.666360000003
Total general,2024,3,False,35737.48954,4641.164430000001
Total general,2024,4,False,36872.42195,1134.9324100000013
Total general,2025,1,False,21373.19311,21373.19311
Total general,2025,2,False,34264.56746,12891.374349999998
Total general,2025,3,False,40905.61372,6641.046260000003
Total general,2025,4,False,40870.76933,-34.844389999998384
Total general,2026,1,False,23590.62205,23590.62205
Veracruz,2018,1,False,306.3092857,306.3092857
Veracruz,2018,2,False,411.1776212,104.8683355
Veracruz,2018,3,False,373.5163993,-37.66122189999999
Veracruz,2018,4,False,817.4468314,443.93043209999996
Veracruz,2019,1,False,573.580556,573.580556
Veracruz,2019,2,False,722.9346984,149.3541424
Veracruz,2019,3,False,1028.13125,305.1965515999999
Veracruz,2019,4,False,1092.761461,64.63021100000014
Veracruz,2020,1,False,622.5218933,622.5218933
Veracruz,2020,2,False,849.7418337,227.21994040000004
Veracruz,2020,3,False,1173.148713,323.4068793
Veracruz,2020,4,False,1067.651371,-105.49734200000012
Veracruz,2021,1,False,586.7437794,586.7437794
Veracruz,2021,2,False,468.6764166,-118.06736280000001
Veracruz,2021,3,False,896.1803368,427.5039202
Veracruz,2021,4,False,1029.44077,133.26043319999997
Veracruz,2022,1,False,571.5467346,571.5467346
Veracruz,2022,2,False,637.0634073,65.51667269999996
Veracruz,2022,3,False,474.8093933,-162.25401399999998
Veracruz,2022,4,False,0.07315128,-474.73624202
Veracruz,2023,1,False,830.735897,830.735897
Veracruz,2023,2,False,806.0150983,-24.720798700000046
Veracruz,2023,3,False,717.7303338,-88.28476449999994
Veracruz,2023,4,False,803.3835847,85.65325089999999
Veracruz,2024,1,False,684.8841549,684.8841549
Veracruz,2024,2,False,361.2842842,-323.5998707
Veracruz,2024,3,False,519.6941588,158.40987459999997
Veracruz,2024,4,False,419.8922603,-99.8018985
Veracruz,2025,1,False,99.8845965,99.8845965
Veracruz,2025,2,False,94.57989402,-5.304702480000003
Veracruz,2025,3,False,-74.32864663,-168.90854065
Veracruz,2025,4,False,-40.45557738,33.87306924999999
Veracruz,2026,1,False,456.9983708,456.9983708
Yucatán,2018,1,False,50.13214374,50.13214374
Yucatán,2018,2,False,63.42224306,13.290099320000003
Yucatán,2018,3,False,51.82100357,-11.601239489999998
Yucatán,2018,4,False,69.44068825,17.61968467999999
Yucatán,2019,1,False,74.82935702,74.82935702
Yucatán,2019,2,False,91.97975086,17.150393839999992
Yucatán,2019,3,False,116.9968786,25.017127740000006
Yucatán,2019,4,False,151.2807088,34.28383020000001
Yucatán,2020,1,False,80.16762717,80.16762717
Yucatán,2020,2,False,81.10830138,0.9406742099999974
Yucatán,2020,3,False,111.9787315,30.870430119999995
Yucatán,2020,4,False,146.2553938,34.27666230000001
Yucatán,2021,1,False,23.88082266,23.88082266
Yucatán,2021,2,False,39.95046378,16.06964112
Yucatán,2021,3,False,66.25867469,26.308210910000007
Yucatán,2021,4,False,144.2611939,78.00251920999999
Yucatán,2022,1,False,128.4676334,128.4676334
Yucatán,2022,2,False,415.4244921,286.9568587
Yucatán,2022,3,False,515.6265266,100.20203450000002
Yucatán,2022,4,False,535.8503705,20.22384390000002
Yucatán,2023,1,False,110.8121586,110.8121586
Yucatán,2023,2,False,154.5708186,43.75865999999999
Yucatán,2023,3,False,163.7017794,9.130960799999997
Yucatán,2023,4,False,190.5107119,26.808932499999997
Yucatán,2024,1,False,48.55354116,48.55354116
Yucatán,2024,2,False,98.76019344,50.20665227999999
Yucatán,2024,3,False,130.6640389,31.903845460000014
Yucatán,2024,4,False,147.8290548,17.165015899999986
Yucatán,2025,1,False,16.49385414,16.49385414
Yucatán,2025,2,False,59.95263813,43.45878399
Yucatán,2025,3,False,70.12905286,10.176414730000005
Yucatán,2025,4,False,108.1178785,37.98882564
Yucatán,2026,1,False,120.358952,120.358952
Zacatecas,2018,1,False,74.36110681,74.36110681
Zacatecas,2018,2,False,114.4392906,40.07818379000001
Zacatecas,2018,3,False,355.6327757,241.19348510000003
Zacatecas,2018,4,False,242.868096,-112.76467970000002
Zacatecas,2019,1,False,83.26674755,83.26674755
Zacatecas,2019,2,False,437.2707744,354.00402685
Zacatecas,2019,3,False,643.794142,206.52336759999997
Zacatecas,2019,4,False,750.4114717,106.61732970000003
Zacatecas,2020,1,False,-13.69936425,-13.69936425
Zacatecas,2020,2,False,25.71077445,39.4101387
Zacatecas,2020,3,False,-120.1292097,-145.83998415
Zacatecas,2020,4,False,-405.5541291,-285.4249194
Zacatecas,2021,1,False,202.4974253,202.4974253
Zacatecas,2021,2,False,602.9105442,400.4131189
Zacatecas,2021,3,False,726.8428702,123.93232599999999
Zacatecas,2021,4,False,1315.074107,588.2312367999999
Zacatecas,2022,1,False,314.2089921,314.2089921
Zacatecas,2022,2,False,147.4630702,-166.74592189999998
Zacatecas,2022,3,False,198.9936958,51.53062560000001
Zacatecas,2022,4,False,7.2826823,-191.7110135
Zacatecas,2023,1,False,259.1018743,259.1018743
Zacatecas,2023,2,False,256.2855227,-2.8163516000000186
Zacatecas,2023,3,False,367.4768999,111.19137719999998
Zacatecas,2023,4,False,641.9358122,274.4589123
Zacatecas,2024,1,False,-11.44733844,-11.44733844
Zacatecas,2024,2,False,72.88250504,84.32984348
Zacatecas,2024,3,False,81.18455675,8.30205171
Zacatecas,2024,4,False,130.9978524,49.81329565
Zacatecas,2025,1,False,12.14482261,12.14482261
Zacatecas,2025,2,False,134.8215328,122.67671019
Zacatecas,2025,3,False,-195.1461931,-329.9677259
Zacatecas,2025,4,False,97.53906098,292.68525408
Zacatecas,2026,1,False,-171.6887923,-171.6887923
